" Spectrum" ," Sample" ," User" ," Live time" ," Real time" ," Excitation" ," Throughput" ," Br-Ka Chi2" ," Br-Ka Area" ," Br-Ka AreaStd" ," Br-Ka cps" ," Br-Ka cpsStd" ," Rb-Ka Chi2" ," Rb-Ka Area" ," Rb-Ka AreaStd" ," Rb-Ka cps" ," Rb-Ka cpsStd" ," Sr-Ka Chi2" ," Sr-Ka Area" ," Sr-Ka AreaStd" ," Sr-Ka cps" ," Sr-Ka cpsStd" ," Y -Ka Chi2" ," Y -Ka Area" ," Y -Ka AreaStd" ," Y -Ka cps" ," Y -Ka cpsStd" ," Zr-Ka Chi2" ," Zr-Ka Area" ," Zr-Ka AreaStd" ," Zr-Ka cps" ," Zr-Ka cpsStd" ," Mo-Ka Chi2" ," Mo-Ka Area" ," Mo-Ka AreaStd" ," Mo-Ka cps" ," Mo-Ka cpsStd" ," Rh-Ka-Coh Chi2" ," Rh-Ka-Coh Area" ," Rh-Ka-Coh AreaStd" ," Rh-Ka-Coh cps" ," Rh-Ka-Coh cpsStd" ," Rh-Ka-Inc Chi2" ," Rh-Ka-Inc Area" ," Rh-Ka-Inc AreaStd" ," Rh-Ka-Inc cps" ," Rh-Ka-Inc cpsStd" ," Ag-Ka-Coh Chi2" ," Ag-Ka-Coh Area" ," Ag-Ka-Coh AreaStd" ," Ag-Ka-Coh cps" ," Ag-Ka-Coh cpsStd" ," I -Ka Chi2" ," I -Ka Area" ," I -Ka AreaStd" ," I -Ka cps" ," I -Ka cpsStd" ," Ba-Ka Chi2" ," Ba-Ka Area" ," Ba-Ka AreaStd" ," Ba-Ka cps" ," Ba-Ka cpsStd" 
ZH19-35!0!0!  53.0!2019-09-11!00-22-25!50!50!2000!53.0!0.0!Cu!5.0!12.0!Run3!Rep0!Sett High.spe,  53.0,53.0,50,84,XRay Tube Generator,1.07E+05,0.5,148,69,3.0,1.4,0.5,520,74,10.4,1.5,0.5,3768,95,75.4,1.9,0.7,32,72,0.6,1.4,0.3,1530,89,30.6,1.8,0.9,258,87,5.2,1.7,19.6,4055,186,81.1,3.7,0.7,1162,188,23.2,3.8,71.2,3077043,1653,61540.85,33.06,0.8,1855,192,37.1,3.8,0.8,13633,319,272.7,6.4
ZH19-35!0!0!  55.0!2019-09-11!00-24-00!50!50!2000!55.0!0.0!Cu!5.0!12.0!Run3!Rep0!Sett High.spe,  55.0,55.0,50,83,XRay Tube Generator,1.05E+05,0.8,-13,67,-0.3,1.3,0.7,373,74,7.5,1.5,1.0,5751,106,115.0,2.1,0.7,26,73,0.5,1.5,0.9,1409,91,28.2,1.8,0.8,-223,85,-4.5,1.7,16.6,3501,183,70.0,3.7,8.3,29809,1234,596.18,24.69,49.6,3076610,1652,61532.20,33.03,1.6,1089,180,21.8,3.6,0.6,8493,299,169.9,6.0
ZH19-35!0!0!  60.0!2019-09-11!00-25-30!50!50!2000!60.0!0.0!Cu!5.0!12.0!Run3!Rep0!Sett High.spe,  60.0,60.0,50,82,XRay Tube Generator,1.03E+05,0.5,64,68,1.3,1.4,0.8,418,74,8.4,1.5,2.4,8667,119,173.3,2.4,0.4,-43,73,-0.9,1.5,0.9,1742,93,34.8,1.9,0.5,-110,86,-2.2,1.7,13.5,3222,181,64.4,3.6,7.2,32367,1293,647.35,25.85,49.5,3077531,1651,61550.62,33.01,1.3,1075,165,21.5,3.3,0.5,1842,265,36.8,5.3
ZH19-35!0!0!  65.0!2019-09-11!00-27-00!50!50!2000!65.0!0.0!Cu!5.0!12.0!Run3!Rep0!Sett High.spe,  65.0,65.0,50,82,XRay Tube Generator,1.03E+05,0.5,-1,67,-0.0,1.3,0.3,489,76,9.8,1.5,4.9,8758,121,175.2,2.4,0.5,-164,74,-3.3,1.5,1.0,1781,96,35.6,1.9,0.4,-210,87,-4.2,1.7,16.8,2939,181,58.8,3.6,7.7,48458,1801,969.16,36.02,49.3,3093135,1657,61862.70,33.14,2.1,1315,169,26.3,3.4,0.5,2483,269,49.7,5.4
ZH19-35!0!0!  70.0!2019-09-11!00-28-30!50!50!2000!70.0!0.0!Cu!5.0!12.0!Run3!Rep0!Sett High.spe,  70.0,70.0,50,83,XRay Tube Generator,1.04E+05,0.7,127,69,2.5,1.4,0.7,450,76,9.0,1.5,2.7,9314,122,186.3,2.4,0.6,-26,75,-0.5,1.5,1.0,2067,98,41.3,2.0,0.5,-160,88,-3.2,1.8,14.8,3037,181,60.7,3.6,7.2,79033,2431,1580.67,48.61,43.6,3097754,1656,61955.07,33.13,3.3,1928,172,38.6,3.4,0.5,2295,271,45.9,5.4
ZH19-35!0!0!  75.0!2019-09-11!00-30-00!50!50!2000!75.0!0.0!Cu!5.0!12.0!Run3!Rep0!Sett High.spe,  75.0,75.0,50,83,XRay Tube Generator,1.05E+05,0.3,272,69,5.4,1.4,0.9,724,77,14.5,1.5,13.7,10307,126,206.1,2.5,0.9,381,76,7.6,1.5,1.3,2332,99,46.6,2.0,0.4,101,87,2.0,1.7,16.4,3625,181,72.5,3.6,0.0,16578,1,331.564,0.017,48.3,3103344,1661,62066.88,33.23,4.9,4070,179,81.4,3.6,0.5,3326,278,66.5,5.6
ZH19-35!0!0!  80.0!2019-09-11!00-31-34!50!50!2000!80.0!0.0!Cu!5.0!12.0!Run3!Rep0!Sett High.spe,  80.0,80.0,50,84,XRay Tube Generator,1.07E+05,0.8,115,69,2.3,1.4,0.9,725,78,14.5,1.6,9.0,10858,128,217.2,2.6,0.6,131,77,2.6,1.5,1.7,2041,100,40.8,2.0,0.3,-351,87,-7.0,1.7,17.6,3004,181,60.1,3.6,8.9,51644,1645,1032.88,32.90,38.6,3111116,1661,62222.31,33.21,9.7,4685,186,93.7,3.7,0.5,2041,282,40.8,5.6
ZH19-35!0!0!  85.0!2019-09-11!00-33-08!50!50!2000!85.0!0.0!Cu!5.0!12.0!Run3!Rep0!Sett High.spe,  85.0,85.0,50,86,XRay Tube Generator,1.09E+05,0.5,113,71,2.3,1.4,1.3,566,80,11.3,1.6,18.6,11609,133,232.2,2.7,0.3,1,78,0.0,1.6,2.4,2539,103,50.8,2.1,0.5,-271,91,-5.4,1.8,14.1,2297,184,45.9,3.7,11.7,48815,1580,976.29,31.61,37.1,3130824,1669,62616.47,33.39,15.4,6379,200,127.6,4.0,0.8,2151,292,43.0,5.8
ZH19-35!0!0!  90.0!2019-09-11!00-34-41!50!50!2000!90.0!0.0!Cu!5.0!12.0!Run3!Rep0!Sett High.spe,  90.0,90.0,50,86,XRay Tube Generator,1.09E+05,0.5,225,75,4.5,1.5,0.9,986,84,19.7,1.7,17.8,11671,136,233.4,2.7,0.8,424,82,8.5,1.6,1.9,2523,106,50.5,2.1,0.3,251,93,5.0,1.9,17.6,3808,191,76.2,3.8,1.2,518,195,10.4,3.9,908.3,3113252,1668,62265.04,33.36,10.4,7215,201,144.3,4.0,0.9,4757,302,95.1,6.0
ZH19-35!0!0!  95.0!2019-09-11!00-36-14!50!50!2000!95.0!0.0!Cu!5.0!12.0!Run3!Rep0!Sett High.spe,  95.0,95.0,50,86,XRay Tube Generator,1.09E+05,0.5,32,71,0.6,1.4,0.7,819,81,16.4,1.6,22.5,11691,134,233.8,2.7,0.6,-96,79,-1.9,1.6,2.9,2336,103,46.7,2.1,0.4,-206,91,-4.1,1.8,14.6,2927,183,58.5,3.7,12.1,46010,1541,920.20,30.82,36.3,3111943,1664,62238.87,33.29,17.6,6850,199,137.0,4.0,0.7,3021,296,60.4,5.9
ZH19-35!0!0! 100.0!2019-09-11!00-37-47!50!50!2000!100.0!0.0!Cu!5.0!12.0!Run3!Rep0!Sett High.spe, 100.0,100.0,50,86,XRay Tube Generator,1.08E+05,0.5,34,71,0.7,1.4,0.7,555,79,11.1,1.6,19.3,12111,136,242.2,2.7,0.7,64,80,1.3,1.6,2.7,2148,102,43.0,2.0,0.5,-327,89,-6.5,1.8,14.6,3221,184,64.4,3.7,12.9,45797,1425,915.95,28.49,36.6,3107357,1663,62147.14,33.26,17.7,6899,197,138.0,3.9,0.6,2415,293,48.3,5.9
ZH19-35!0!0! 105.0!2019-09-11!00-39-20!50!50!2000!105.0!0.0!Cu!5.0!12.0!Run3!Rep0!Sett High.spe, 105.0,105.0,50,85,XRay Tube Generator,1.08E+05,0.7,-48,69,-1.0,1.4,1.2,473,78,9.5,1.6,7.3,11991,134,239.8,2.7,0.8,27,78,0.5,1.6,1.6,2161,101,43.2,2.0,0.6,-260,88,-5.2,1.8,13.6,2607,182,52.1,3.6,10.6,37234,1266,744.68,25.32,41.5,3100655,1659,62013.11,33.18,11.3,5372,191,107.4,3.8,0.6,3252,289,65.0,5.8
ZH19-35!0!0! 110.0!2019-09-11!00-40-53!50!50!2000!110.0!0.0!Cu!5.0!12.0!Run3!Rep0!Sett High.spe, 110.0,110.0,50,85,XRay Tube Generator,1.08E+05,0.7,104,69,2.1,1.4,1.2,612,78,12.2,1.6,17.2,11328,131,226.6,2.6,0.5,13,77,0.3,1.5,1.7,1976,99,39.5,2.0,0.4,-299,88,-6.0,1.8,14.0,2693,182,53.9,3.6,11.0,23750,1008,474.99,20.17,52.2,3099201,1659,61984.03,33.17,8.3,4167,186,83.3,3.7,0.8,4196,289,83.9,5.8
ZH19-35!0!0! 115.0!2019-09-11!00-42-26!50!50!2000!115.0!0.0!Cu!5.0!12.0!Run3!Rep0!Sett High.spe, 115.0,115.0,50,85,XRay Tube Generator,1.07E+05,1.0,251,70,5.0,1.4,0.9,603,76,12.1,1.5,19.7,11299,129,226.0,2.6,0.3,362,77,7.2,1.5,2.1,2511,99,50.2,2.0,0.5,248,88,5.0,1.8,15.5,3299,181,66.0,3.6,0.7,670,189,13.4,3.8,54.0,3096702,1657,61934.03,33.14,5.3,4232,181,84.6,3.6,0.6,4768,287,95.4,5.7
ZH19-35!0!0! 120.0!2019-09-11!00-43-59!50!50!2000!120.0!0.0!Cu!5.0!12.0!Run3!Rep0!Sett High.spe, 120.0,120.0,50,86,XRay Tube Generator,1.08E+05,0.8,-46,70,-0.9,1.4,1.5,527,81,10.5,1.6,20.8,10561,132,211.2,2.6,0.5,43,82,0.9,1.6,1.8,2392,105,47.8,2.1,0.8,-342,91,-6.8,1.8,15.8,2887,183,57.7,3.7,10.8,61214,3309,1224.28,66.17,41.8,3107659,1667,62153.18,33.33,15.7,6461,202,129.2,4.0,1.1,3190,299,63.8,6.0
ZH19-35!0!0! 125.0!2019-09-11!00-45-32!50!50!2000!125.0!0.0!Cu!5.0!12.0!Run3!Rep0!Sett High.spe, 125.0,125.0,50,86,XRay Tube Generator,1.09E+05,0.7,-77,70,-1.5,1.4,1.5,607,80,12.1,1.6,23.0,10012,128,200.2,2.6,0.5,2,80,0.0,1.6,4.4,2508,103,50.2,2.1,0.8,-351,90,-7.0,1.8,14.5,2450,184,49.0,3.7,15.2,57140,1830,1142.80,36.60,54.9,3117535,1667,62350.70,33.33,31.7,9148,209,183.0,4.2,1.4,3134,299,62.7,6.0
ZH19-35!0!0! 130.0!2019-09-11!00-47-05!50!50!2000!130.0!0.0!Cu!5.0!12.0!Run3!Rep0!Sett High.spe, 130.0,130.0,50,86,XRay Tube Generator,1.09E+05,0.6,-40,71,-0.8,1.4,1.7,649,80,13.0,1.6,20.3,10234,128,204.7,2.6,0.5,-66,79,-1.3,1.6,1.6,2358,102,47.2,2.0,0.5,-227,88,-4.5,1.8,16.8,2638,183,52.8,3.7,13.6,52843,1610,1056.85,32.20,43.4,3117088,1666,62341.76,33.32,24.1,7905,204,158.1,4.1,0.5,2839,295,56.8,5.9
ZH19-35!0!0! 135.0!2019-09-11!00-48-38!50!50!2000!135.0!0.0!Cu!5.0!12.0!Run3!Rep0!Sett High.spe, 135.0,135.0,50,86,XRay Tube Generator,1.09E+05,0.8,111,71,2.2,1.4,0.9,942,81,18.8,1.6,23.4,10036,126,200.7,2.5,0.7,429,80,8.6,1.6,3.6,2946,103,58.9,2.1,0.7,-193,91,-3.9,1.8,14.8,3067,183,61.3,3.7,34.2,3421,646,68.42,12.91,69.1,3133118,1669,62662.35,33.38,36.5,11896,212,237.9,4.2,1.7,3646,295,72.9,5.9
ZH19-35!0!0! 140.0!2019-09-11!00-50-11!50!50!2000!140.0!0.0!Cu!5.0!12.0!Run3!Rep0!Sett High.spe, 140.0,140.0,50,87,XRay Tube Generator,1.11E+05,0.7,61,71,1.2,1.4,1.3,673,81,13.5,1.6,26.0,8424,122,168.5,2.4,0.5,-134,80,-2.7,1.6,4.4,2552,103,51.0,2.1,0.8,-422,92,-8.4,1.8,14.4,2818,186,56.4,3.7,39.5,61930,1453,1238.60,29.07,87.7,3152329,1677,63046.58,33.53,87.2,17556,234,351.1,4.7,2.0,342,294,6.8,5.9
ZH19-35!0!0! 145.0!2019-09-11!00-51-45!50!50!2000!145.0!0.0!Cu!5.0!12.0!Run3!Rep0!Sett High.spe, 145.0,145.0,50,87,XRay Tube Generator,1.11E+05,0.4,-221,70,-4.4,1.4,2.2,574,80,11.5,1.6,28.5,8462,121,169.2,2.4,0.5,-157,79,-3.1,1.6,3.2,2454,103,49.1,2.1,0.6,-337,91,-6.7,1.8,15.4,2826,184,56.5,3.7,35.2,144619,3750,2892.38,75.01,59.5,3155470,1676,63109.40,33.52,91.2,17371,234,347.4,4.7,2.0,721,294,14.4,5.9
ZH19-35!0!0! 150.0!2019-09-11!00-53-21!50!50!2000!150.0!0.0!Cu!5.0!12.0!Run3!Rep0!Sett High.spe, 150.0,150.0,50,89,XRay Tube Generator,1.15E+05,1.5,309,73,6.2,1.5,2.1,1027,84,20.5,1.7,33.6,8517,123,170.3,2.5,0.7,322,82,6.4,1.6,5.5,3609,108,72.2,2.2,0.6,270,93,5.4,1.9,15.6,3565,189,71.3,3.8,0.0,740,1,14.798,0.017,231.7,3190894,1691,63817.88,33.81,217.6,32629,268,652.6,5.4,5.7,807,295,16.1,5.9
ZH19-35!0!0! 155.0!2019-09-11!00-54-58!50!50!2000!155.0!0.0!Cu!5.0!12.0!Run3!Rep0!Sett High.spe, 155.0,155.0,50,89,XRay Tube Generator,1.16E+05,0.8,49,72,1.0,1.4,2.2,708,82,14.2,1.6,35.7,8281,121,165.6,2.4,0.4,89,82,1.8,1.6,6.5,2836,105,56.7,2.1,0.5,-426,92,-8.5,1.8,13.4,2341,187,46.8,3.7,117.9,74982,1568,1499.64,31.35,96.9,3204243,1691,64084.85,33.82,292.8,34076,276,681.5,5.5,5.8,-2651,292,-53.0,5.8
ZH19-35!0!0! 160.0!2019-09-11!00-56-34!50!50!2000!160.0!0.0!Cu!5.0!12.0!Run3!Rep0!Sett High.spe, 160.0,160.0,50,89,XRay Tube Generator,1.16E+05,1.3,218,73,4.4,1.5,1.5,815,81,16.3,1.6,32.3,9044,123,180.9,2.5,0.8,388,80,7.8,1.6,5.5,2594,102,51.9,2.0,0.6,147,90,2.9,1.8,15.0,3225,188,64.5,3.8,0.0,679,1,13.570,0.017,125.0,3213633,1694,64272.66,33.87,270.5,36082,275,721.6,5.5,6.5,-913,291,-18.3,5.8
ZH19-35!0!0! 165.0!2019-09-11!00-58-11!50!50!2000!165.0!0.0!Cu!5.0!12.0!Run3!Rep0!Sett High.spe, 165.0,165.0,50,89,XRay Tube Generator,1.16E+05,1.4,338,74,6.8,1.5,1.5,717,83,14.3,1.7,25.3,7806,119,156.1,2.4,0.7,379,82,7.6,1.6,6.8,2800,105,56.0,2.1,1.0,-167,93,-3.3,1.9,14.2,2294,189,45.9,3.8,162.3,34085,850,681.70,17.00,189.8,3208005,1695,64160.10,33.90,251.3,33301,274,666.0,5.5,5.5,-1177,297,-23.5,5.9
ZH19-35!0!0! 170.0!2019-09-11!00-59-46!50!50!2000!170.0!0.0!Cu!5.0!12.0!Run3!Rep0!Sett High.spe, 170.0,170.0,50,88,XRay Tube Generator,1.14E+05,0.7,174,73,3.5,1.5,1.8,1243,83,24.9,1.7,25.6,8570,122,171.4,2.4,0.6,437,82,8.7,1.6,4.9,3313,106,66.3,2.1,0.7,139,93,2.8,1.9,14.6,3466,188,69.3,3.8,27.9,2059,469,41.2,9.4,179.6,3192401,1690,63848.02,33.79,125.5,24251,251,485.0,5.0,3.1,1681,299,33.6,6.0
ZH19-35!0!0! 175.0!2019-09-11!01-01-22!50!50!2000!175.0!0.0!Cu!5.0!12.0!Run3!Rep0!Sett High.spe, 175.0,175.0,50,89,XRay Tube Generator,1.14E+05,1.1,170,71,3.4,1.4,2.4,1045,82,20.9,1.6,31.5,8456,120,169.1,2.4,1.1,431,81,8.6,1.6,4.6,3302,105,66.0,2.1,0.5,212,92,4.2,1.8,19.1,3297,186,65.9,3.7,1.3,776,218,15.5,4.4,92.1,3210113,1692,64202.27,33.84,181.3,28356,259,567.1,5.2,4.7,205,295,4.1,5.9
ZH19-35!0!0! 180.0!2019-09-11!01-03-04!50!50!2000!180.0!0.0!Cu!5.0!12.0!Run3!Rep0!Sett High.spe, 180.0,180.0,50,93,XRay Tube Generator,1.23E+05,0.9,121,74,2.4,1.5,1.6,1046,85,20.9,1.7,28.7,6809,115,136.2,2.3,0.9,466,83,9.3,1.7,6.2,3464,107,69.3,2.1,0.5,276,94,5.5,1.9,15.7,3298,191,66.0,3.8,0.0,890,1,17.796,0.017,246.5,3255034,1709,65100.68,34.19,668.6,60548,324,1211.0,6.5,17.6,-5148,285,-103.0,5.7
ZH19-35!0!0! 185.0!2019-09-11!01-04-42!50!50!2000!185.0!0.0!Cu!5.0!12.0!Run3!Rep0!Sett High.spe, 185.0,185.0,50,92,XRay Tube Generator,1.22E+05,0.9,304,75,6.1,1.5,2.7,1147,85,22.9,1.7,21.3,5568,109,111.4,2.2,0.9,502,83,10.0,1.7,5.4,3178,104,63.6,2.1,0.5,90,94,1.8,1.9,18.7,3287,190,65.7,3.8,0.0,36519,1,730.370,0.017,239.9,3255341,1708,65106.82,34.16,626.9,58308,317,1166.2,6.3,16.3,-4996,281,-99.9,5.6
ZH19-35!0!0! 190.0!2019-09-11!01-06-19!50!50!2000!190.0!0.0!Cu!5.0!12.0!Run3!Rep0!Sett High.spe, 190.0,190.0,50,90,XRay Tube Generator,1.18E+05,1.5,142,73,2.8,1.5,1.9,846,83,16.9,1.7,15.1,4496,104,89.9,2.1,0.7,95,81,1.9,1.6,3.6,2483,101,49.7,2.0,0.3,-19,93,-0.4,1.9,16.8,3118,191,62.4,3.8,286.0,13289,934,265.78,18.68,192.4,3233178,1702,64663.55,34.05,409.8,45671,297,913.4,5.9,9.2,-2951,290,-59.0,5.8
ZH19-35!0!0! 195.0!2019-09-11!01-07-57!50!50!2000!195.0!0.0!Cu!5.0!12.0!Run3!Rep0!Sett High.spe, 195.0,195.0,50,91,XRay Tube Generator,1.19E+05,1.3,163,74,3.3,1.5,1.6,968,83,19.4,1.7,22.2,6565,114,131.3,2.3,0.8,271,82,5.4,1.6,3.2,2849,103,57.0,2.1,0.6,278,93,5.6,1.9,18.2,3773,191,75.5,3.8,147.3,-16225,7526,-324.495,150.511,204.1,3234858,1702,64697.16,34.05,394.0,43531,295,870.6,5.9,9.5,-3700,292,-74.0,5.8
ZH19-35!0!0! 200.0!2019-09-11!01-09-37!50!50!2000!200.0!0.0!Cu!5.0!12.0!Run3!Rep0!Sett High.spe, 200.0,200.0,50,92,XRay Tube Generator,1.20E+05,0.7,133,73,2.7,1.5,1.7,1028,83,20.6,1.7,28.0,7320,116,146.4,2.3,1.0,506,82,10.1,1.6,4.6,3149,103,63.0,2.1,0.8,380,93,7.6,1.9,16.5,3224,189,64.5,3.8,0.0,74518,1,1490.361,0.017,180.0,3240310,1703,64806.21,34.06,473.4,49270,303,985.4,6.1,10.6,-3348,290,-67.0,5.8
ZH19-35!0!0! 205.0!2019-09-11!01-11-18!50!50!2000!205.0!0.0!Cu!5.0!12.0!Run3!Rep0!Sett High.spe, 205.0,205.0,50,94,XRay Tube Generator,1.25E+05,2.3,296,75,5.9,1.5,2.3,1086,85,21.7,1.7,25.8,7023,117,140.5,2.3,1.1,344,84,6.9,1.7,3.6,2832,104,56.6,2.1,1.1,-228,95,-4.6,1.9,15.2,1534,194,30.7,3.9,574.7,20315,947,406.29,18.94,311.5,3254088,1711,65081.77,34.23,720.5,65419,333,1308.4,6.7,17.6,-5726,285,-114.5,5.7
ZH19-35!0!0! 210.0!2019-09-11!01-13-00!50!50!2000!210.0!0.0!Cu!5.0!12.0!Run3!Rep0!Sett High.spe, 210.0,210.0,50,96,XRay Tube Generator,1.28E+05,1.4,245,77,4.9,1.5,1.3,967,85,19.3,1.7,19.8,6290,114,125.8,2.3,0.9,543,85,10.9,1.7,4.8,2732,103,54.6,2.1,0.6,217,97,4.3,1.9,16.2,3650,193,73.0,3.9,10.9,703,1,14.063,0.017,365.9,3256238,1714,65124.75,34.28,912.8,76534,351,1530.7,7.0,24.3,-7765,281,-155.3,5.6
ZH19-35!0!0! 215.0!2019-09-11!01-14-47!50!50!2000!215.0!0.0!Cu!5.0!12.0!Run3!Rep0!Sett High.spe, 215.0,215.0,50,100,XRay Tube Generator,1.34E+05,1.9,286,78,5.7,1.6,2.2,927,87,18.5,1.7,16.8,5137,110,102.7,2.2,1.2,285,87,5.7,1.7,3.5,2721,105,54.4,2.1,0.6,304,99,6.1,2.0,16.7,3644,193,72.9,3.9,0.0,847,1,16.933,0.017,464.0,3260964,1716,65219.28,34.32,1295.0,98031,382,1960.6,7.6,40.9,-11766,273,-235.3,5.5
ZH19-35!0!0! 220.0!2019-09-11!01-16-32!50!50!2000!220.0!0.0!Cu!5.0!12.0!Run3!Rep0!Sett High.spe, 220.0,220.0,50,96,XRay Tube Generator,1.29E+05,1.4,259,77,5.2,1.5,1.8,794,86,15.9,1.7,26.5,6588,116,131.8,2.3,0.7,474,85,9.5,1.7,5.7,2422,103,48.4,2.1,0.4,152,96,3.0,1.9,16.0,3817,194,76.3,3.9,1.3,125,74,2.5,1.5,385.4,3255265,1715,65105.30,34.29,953.8,79486,356,1589.7,7.1,24.9,-8171,281,-163.4,5.6
ZH19-35!0!0! 225.0!2019-09-11!01-18-15!50!50!2000!225.0!0.0!Cu!5.0!12.0!Run3!Rep0!Sett High.spe, 225.0,225.0,50,97,XRay Tube Generator,1.29E+05,1.4,-88,77,-1.8,1.5,2.7,453,85,9.1,1.7,22.5,6242,116,124.8,2.3,1.4,-8,84,-0.2,1.7,5.9,2293,103,45.9,2.1,1.3,-98,96,-2.0,1.9,14.6,2230,194,44.6,3.9,0.0,39956,1,799.111,0.017,359.3,3253438,1713,65068.76,34.26,1004.7,79553,355,1591.1,7.1,27.7,-9141,279,-182.8,5.6
ZH19-35!0!0! 230.0!2019-09-11!01-20-00!50!50!2000!230.0!0.0!Cu!5.0!12.0!Run3!Rep0!Sett High.spe, 230.0,230.0,50,98,XRay Tube Generator,1.32E+05,1.8,278,78,5.6,1.6,1.4,835,87,16.7,1.7,23.4,6569,118,131.4,2.4,0.4,513,88,10.3,1.8,3.4,2624,106,52.5,2.1,0.7,147,97,2.9,1.9,13.8,3407,198,68.1,4.0,5.9,584,60,11.7,1.2,591.0,3253196,1718,65063.92,34.35,1164.8,93501,376,1870.0,7.5,37.2,-10036,274,-200.7,5.5
ZH19-35!0!0! 235.0!2019-09-11!01-21-48!50!50!2000!235.0!0.0!Cu!5.0!12.0!Run3!Rep0!Sett High.spe, 235.0,235.0,50,101,XRay Tube Generator,1.36E+05,0.9,217,80,4.3,1.6,1.5,998,89,20.0,1.8,20.6,6359,118,127.2,2.4,0.9,470,89,9.4,1.8,3.0,2502,106,50.0,2.1,0.7,235,99,4.7,2.0,15.2,3420,197,68.4,3.9,0.0,1088,1,21.762,0.017,601.8,3254714,1720,65094.29,34.39,1361.3,104889,391,2097.8,7.8,47.5,-10943,270,-218.9,5.4
ZH19-35!0!0! 240.0!2019-09-11!01-23-40!50!50!2000!240.0!0.0!Cu!5.0!12.0!Run3!Rep0!Sett High.spe, 240.0,240.0,50,104,XRay Tube Generator,1.40E+05,1.6,251,79,5.0,1.6,1.4,816,88,16.3,1.8,14.9,5426,113,108.5,2.3,0.9,397,88,7.9,1.8,2.2,2630,107,52.6,2.1,0.7,305,101,6.1,2.0,14.1,4064,200,81.3,4.0,1.6,567,249,11.3,5.0,571.9,3272456,1726,65449.12,34.51,1563.6,116756,408,2335.1,8.2,56.3,-13161,268,-263.2,5.4
ZH19-35!0!0! 245.0!2019-09-11!01-25-33!50!50!2000!245.0!0.0!Cu!5.0!12.0!Run3!Rep0!Sett High.spe, 245.0,245.0,50,105,XRay Tube Generator,1.42E+05,2.0,258,80,5.2,1.6,1.8,796,88,15.9,1.8,11.0,5146,111,102.9,2.2,0.7,416,88,8.3,1.8,2.4,2285,105,45.7,2.1,0.5,214,100,4.3,2.0,14.9,3530,201,70.6,4.0,0.3,137,91,2.7,1.8,575.2,3285190,1729,65703.79,34.59,1685.7,123539,415,2470.8,8.3,65.3,-13819,263,-276.4,5.3
ZH19-35!0!0! 250.0!2019-09-11!01-27-26!50!50!2000!250.0!0.0!Cu!5.0!12.0!Run3!Rep0!Sett High.spe, 250.0,250.0,50,107,XRay Tube Generator,1.45E+05,1.8,196,79,3.9,1.6,0.9,858,89,17.2,1.8,9.8,4674,110,93.5,2.2,0.6,227,88,4.5,1.8,1.9,2324,105,46.5,2.1,0.4,298,101,6.0,2.0,14.2,3443,200,68.9,4.0,0.0,515,1,10.300,0.017,622.8,3309466,1735,66189.32,34.69,1841.8,130015,425,2600.3,8.5,82.5,-15267,258,-305.3,5.2
ZH19-35!0!0! 255.0!2019-09-11!01-29-19!50!50!2000!255.0!0.0!Cu!5.0!12.0!Run3!Rep0!Sett High.spe, 255.0,255.0,50,107,XRay Tube Generator,1.45E+05,1.5,209,80,4.2,1.6,1.2,763,88,15.3,1.8,10.9,4938,110,98.8,2.2,0.5,394,88,7.9,1.8,2.1,2074,104,41.5,2.1,0.3,149,100,3.0,2.0,15.0,3138,198,62.8,4.0,0.5,137,77,2.7,1.5,621.3,3315002,1737,66300.05,34.73,1869.1,128384,423,2567.7,8.5,84.9,-14817,258,-296.3,5.2
ZH19-35!0!0! 260.0!2019-09-11!01-31-12!50!50!2000!260.0!0.0!Cu!5.0!12.0!Run3!Rep0!Sett High.spe, 260.0,260.0,50,107,XRay Tube Generator,1.45E+05,0.9,240,80,4.8,1.6,1.3,764,87,15.3,1.7,9.3,4304,107,86.1,2.1,0.6,383,88,7.7,1.8,1.4,2035,103,40.7,2.1,0.4,133,99,2.7,2.0,14.7,3514,199,70.3,4.0,0.0,980,1,19.598,0.017,625.8,3312612,1736,66252.24,34.72,1906.1,129352,424,2587.0,8.5,86.3,-15397,255,-307.9,5.1
ZH19-35!0!0! 265.0!2019-09-11!01-33-04!50!50!2000!265.0!0.0!Cu!5.0!12.0!Run3!Rep0!Sett High.spe, 265.0,265.0,50,106,XRay Tube Generator,1.45E+05,1.1,149,79,3.0,1.6,0.9,780,87,15.6,1.7,9.4,4104,107,82.1,2.1,0.4,138,87,2.8,1.7,1.9,1992,101,39.8,2.0,0.5,250,100,5.0,2.0,13.4,3389,199,67.8,4.0,0.0,561,1,11.218,0.017,627.9,3311896,1733,66237.91,34.66,1891.9,130383,420,2607.7,8.4,89.9,-15109,248,-302.2,5.0
ZH19-35!0!0! 270.0!2019-09-11!01-34-57!50!50!2000!270.0!0.0!Cu!5.0!12.0!Run3!Rep0!Sett High.spe, 270.0,270.0,50,106,XRay Tube Generator,1.44E+05,2.1,309,79,6.2,1.6,1.8,887,89,17.7,1.8,10.8,5465,112,109.3,2.2,0.8,695,89,13.9,1.8,2.2,2055,104,41.1,2.1,0.5,163,101,3.3,2.0,15.6,3727,199,74.5,4.0,0.0,832,1,16.649,0.017,613.1,3307347,1735,66146.93,34.70,1878.5,129736,420,2594.7,8.4,79.1,-15860,251,-317.2,5.0
ZH19-35!0!0! 275.0!2019-09-11!01-36-50!50!50!2000!275.0!0.0!Cu!5.0!12.0!Run3!Rep0!Sett High.spe, 275.0,275.0,50,107,XRay Tube Generator,1.45E+05,1.6,170,80,3.4,1.6,0.9,920,89,18.4,1.8,13.5,5697,114,113.9,2.3,1.3,540,88,10.8,1.8,2.3,2406,104,48.1,2.1,0.4,263,100,5.3,2.0,14.3,3117,199,62.3,4.0,4.0,95,43,1.90,0.85,626.4,3312215,1732,66244.29,34.64,1936.4,131407,419,2628.1,8.4,85.5,-16563,246,-331.3,4.9
ZH19-35!0!0! 280.0!2019-09-11!01-38-41!50!50!2000!280.0!0.0!Cu!5.0!12.0!Run3!Rep0!Sett High.spe, 280.0,280.0,50,105,XRay Tube Generator,1.42E+05,2.0,284,82,5.7,1.6,2.1,1146,94,22.9,1.9,13.7,5583,115,111.7,2.3,0.6,575,91,11.5,1.8,2.4,2652,108,53.0,2.2,0.8,372,101,7.4,2.0,13.3,3377,198,67.5,4.0,0.6,190,92,3.8,1.8,589.5,3319965,1738,66399.30,34.77,1825.0,123123,423,2462.5,8.5,71.0,-15297,260,-305.9,5.2
ZH19-35!0!0! 285.0!2019-09-11!01-40-23!50!50!2000!285.0!0.0!Cu!5.0!12.0!Run3!Rep0!Sett High.spe, 285.0,285.0,50,95,XRay Tube Generator,1.27E+05,1.4,179,78,3.6,1.6,4.6,1391,88,27.8,1.8,26.7,6941,116,138.8,2.3,1.6,789,87,15.8,1.7,5.4,3241,108,64.8,2.2,0.4,81,95,1.6,1.9,13.1,3458,192,69.2,3.8,0.0,725,1,14.503,0.017,298.3,3315322,1725,66306.45,34.50,883.5,70988,339,1419.8,6.8,23.8,-6852,275,-137.0,5.5
ZH19-35!0!0! 290.0!2019-09-11!01-42-04!50!50!2000!290.0!0.0!Cu!5.0!12.0!Run3!Rep0!Sett High.spe, 290.0,290.0,50,92,XRay Tube Generator,1.22E+05,2.0,310,75,6.2,1.5,3.1,1247,86,24.9,1.7,29.0,7327,118,146.5,2.4,0.9,590,85,11.8,1.7,4.9,3151,105,63.0,2.1,0.9,203,93,4.1,1.9,13.0,3557,190,71.1,3.8,0.0,27068,1,541.357,0.017,213.0,3301896,1719,66037.92,34.37,591.7,55411,310,1108.2,6.2,15.2,-4019,278,-80.4,5.6
ZH19-35!0!0! 295.0!2019-09-11!01-43-40!50!50!2000!295.0!0.0!Cu!5.0!12.0!Run3!Rep0!Sett High.spe, 295.0,295.0,50,89,XRay Tube Generator,1.15E+05,0.9,267,76,5.3,1.5,3.5,1652,88,33.0,1.8,26.8,7603,119,152.1,2.4,0.9,795,87,15.9,1.7,4.3,3484,108,69.7,2.2,0.8,50,93,1.0,1.9,18.3,1504,189,30.1,3.8,108.4,21912,1207,438.23,24.14,232.1,3240666,1704,64813.31,34.08,197.1,30766,261,615.3,5.2,4.6,904,290,18.1,5.8
ZH19-35!0!0! 300.0!2019-09-11!01-45-14!50!50!2000!300.0!0.0!Cu!5.0!12.0!Run3!Rep0!Sett High.spe, 300.0,300.0,50,86,XRay Tube Generator,1.10E+05,1.0,-81,72,-1.6,1.4,2.4,1262,86,25.2,1.7,6.5,8368,121,167.4,2.4,0.3,412,82,8.2,1.6,1.3,3227,106,64.5,2.1,0.5,-181,90,-3.6,1.8,14.8,2871,185,57.4,3.7,9.6,56617,1695,1132.35,33.89,44.5,3171281,1678,63425.61,33.56,9.8,5350,193,107.0,3.9,0.7,3663,294,73.3,5.9
ZH19-35!0!0! 305.0!2019-09-11!01-46-47!50!50!2000!305.0!0.0!Cu!5.0!12.0!Run3!Rep0!Sett High.spe, 305.0,305.0,50,86,XRay Tube Generator,1.10E+05,0.2,68,72,1.4,1.4,1.3,1360,84,27.2,1.7,5.7,9155,123,183.1,2.5,0.4,310,81,6.2,1.6,1.3,3334,106,66.7,2.1,0.6,-238,89,-4.8,1.8,12.8,3140,186,62.8,3.7,8.6,20544,1094,410.88,21.88,51.3,3155002,1673,63100.03,33.46,1.5,2023,180,40.5,3.6,0.4,4779,293,95.6,5.9
ZH19-35!0!0! 310.0!2019-09-11!01-48-21!50!50!2000!310.0!0.0!Cu!5.0!12.0!Run3!Rep0!Sett High.spe, 310.0,310.0,50,86,XRay Tube Generator,1.10E+05,0.9,40,71,0.8,1.4,0.9,1554,85,31.1,1.7,1.9,9028,124,180.6,2.5,0.5,45,80,0.9,1.6,1.3,3437,106,68.7,2.1,0.7,-342,89,-6.8,1.8,15.5,3140,185,62.8,3.7,9.2,23359,1040,467.18,20.79,62.3,3150459,1672,63009.18,33.44,1.2,1396,180,27.9,3.6,0.7,4344,295,86.9,5.9
ZH19-35!0!0! 315.0!2019-09-11!01-49-54!50!50!2000!315.0!0.0!Cu!5.0!12.0!Run3!Rep0!Sett High.spe, 315.0,315.0,50,86,XRay Tube Generator,1.10E+05,0.6,175,71,3.5,1.4,0.7,1831,87,36.6,1.7,1.5,9088,124,181.8,2.5,0.6,307,81,6.1,1.6,0.6,4118,110,82.4,2.2,0.5,-1,91,-0.0,1.8,14.5,2908,184,58.2,3.7,8.8,47200,1816,944.00,36.32,45.6,3147703,1673,62954.05,33.46,0.8,971,180,19.4,3.6,0.5,4535,297,90.7,5.9
ZH19-35!0!0! 320.0!2019-09-11!01-51-28!50!50!2000!320.0!0.0!Cu!5.0!12.0!Run3!Rep0!Sett High.spe, 320.0,320.0,50,86,XRay Tube Generator,1.09E+05,0.7,48,72,1.0,1.4,1.2,1772,89,35.4,1.8,0.8,9185,127,183.7,2.5,0.8,215,83,4.3,1.7,0.8,3401,110,68.0,2.2,0.4,-110,91,-2.2,1.8,13.3,2950,186,59.0,3.7,8.0,48200,1985,964.00,39.69,51.0,3143308,1676,62866.16,33.53,0.9,1044,185,20.9,3.7,0.7,3823,302,76.5,6.0
ZH19-35!0!0! 325.0!2019-09-11!01-53-01!50!50!2000!325.0!0.0!Cu!5.0!12.0!Run3!Rep0!Sett High.spe, 325.0,325.0,50,86,XRay Tube Generator,1.09E+05,0.5,310,68,6.2,1.4,0.8,1921,86,38.4,1.7,1.2,9607,124,192.1,2.5,0.6,406,80,8.1,1.6,0.5,3807,107,76.1,2.1,0.5,252,90,5.0,1.8,17.3,3693,184,73.9,3.7,8.1,1007,249,20.1,5.0,61.1,3136768,1668,62735.35,33.36,0.9,1452,175,29.0,3.5,0.6,6467,295,129.3,5.9
ZH19-35!0!0! 330.0!2019-09-11!01-54-35!50!50!2000!330.0!0.0!Cu!5.0!12.0!Run3!Rep0!Sett High.spe, 330.0,330.0,50,86,XRay Tube Generator,1.09E+05,0.7,190,70,3.8,1.4,0.9,1886,86,37.7,1.7,1.2,9361,123,187.2,2.5,0.5,508,80,10.2,1.6,0.7,3971,106,79.4,2.1,0.9,291,88,5.8,1.8,15.7,3528,184,70.6,3.7,0.7,628,137,12.6,2.7,51.2,3125918,1665,62518.37,33.29,0.8,1674,175,33.5,3.5,0.3,6137,294,122.7,5.9
ZH19-35!0!0! 335.0!2019-09-11!01-56-08!50!50!2000!335.0!0.0!Cu!5.0!12.0!Run3!Rep0!Sett High.spe, 335.0,335.0,50,86,XRay Tube Generator,1.09E+05,1.4,405,70,8.1,1.4,1.0,2021,88,40.4,1.8,1.6,9364,124,187.3,2.5,0.6,636,82,12.7,1.6,0.9,4017,108,80.3,2.2,0.7,130,90,2.6,1.8,16.2,3704,183,74.1,3.7,0.0,288,1,5.751,0.017,51.4,3122753,1668,62455.05,33.35,1.2,1937,177,38.7,3.5,0.7,6610,298,132.2,6.0
ZH19-35!0!0! 340.0!2019-09-11!01-57-42!50!50!2000!340.0!0.0!Cu!5.0!12.0!Run3!Rep0!Sett High.spe, 340.0,340.0,50,86,XRay Tube Generator,1.09E+05,0.7,43,70,0.9,1.4,1.2,2070,87,41.4,1.7,0.9,8668,120,173.4,2.4,0.6,209,80,4.2,1.6,0.9,3581,106,71.6,2.1,0.5,-293,89,-5.9,1.8,14.8,2756,184,55.1,3.7,7.8,61298,1917,1225.96,38.35,48.1,3111644,1661,62232.88,33.23,1.2,753,176,15.1,3.5,0.9,5629,297,112.6,5.9
ZH19-35!0!0! 345.0!2019-09-11!01-59-17!50!50!2000!345.0!0.0!Cu!5.0!12.0!Run3!Rep0!Sett High.spe, 345.0,345.0,50,86,XRay Tube Generator,1.09E+05,0.8,251,69,5.0,1.4,0.8,1893,86,37.9,1.7,1.2,9185,122,183.7,2.4,0.7,606,80,12.1,1.6,1.1,3616,106,72.3,2.1,0.3,152,89,3.0,1.8,3.6,-1036,184,-20.7,3.7,1.5,22205,425,444.1,8.5,52.6,3107231,1660,62144.61,33.20,0.7,2045,177,40.9,3.5,0.6,5786,298,115.7,6.0
ZH19-35!0!0! 350.0!2019-09-11!02-00-51!50!50!2000!350.0!0.0!Cu!5.0!12.0!Run3!Rep0!Sett High.spe, 350.0,350.0,50,86,XRay Tube Generator,1.09E+05,0.5,98,70,2.0,1.4,0.5,1830,85,36.6,1.7,1.6,9060,122,181.2,2.4,0.4,387,80,7.7,1.6,1.2,3438,106,68.8,2.1,0.6,-73,90,-1.5,1.8,14.1,3024,183,60.5,3.7,8.9,27393,1227,547.86,24.55,51.4,3103099,1659,62061.97,33.18,1.0,1005,177,20.1,3.5,0.5,5452,298,109.0,6.0
ZH19-35!0!0! 355.0!2019-09-11!02-02-24!50!50!2000!355.0!0.0!Cu!5.0!12.0!Run3!Rep0!Sett High.spe, 355.0,355.0,50,86,XRay Tube Generator,1.09E+05,0.6,260,71,5.2,1.4,0.5,2096,88,41.9,1.8,1.4,9297,123,185.9,2.5,0.6,498,81,10.0,1.6,0.5,3914,107,78.3,2.1,3.1,-521,91,-10.4,1.8,17.8,1467,185,29.3,3.7,13.2,11111,885,222.22,17.70,128.8,3104461,1662,62089.23,33.23,0.9,1690,179,33.8,3.6,0.5,6640,301,132.8,6.0
ZH19-35!0!0! 360.0!2019-09-11!02-03-58!50!50!2000!360.0!0.0!Cu!5.0!12.0!Run3!Rep0!Sett High.spe, 360.0,360.0,50,86,XRay Tube Generator,1.09E+05,0.3,-9,70,-0.2,1.4,0.7,1730,86,34.6,1.7,2.1,8778,123,175.6,2.5,0.3,269,81,5.4,1.6,0.6,3710,107,74.2,2.1,0.5,-293,89,-5.9,1.8,14.8,3144,184,62.9,3.7,7.6,55258,2217,1105.17,44.35,49.7,3103185,1661,62063.70,33.22,0.8,587,179,11.7,3.6,0.6,5243,300,104.9,6.0
ZH19-35!0!0! 365.0!2019-09-11!02-05-31!50!50!2000!365.0!0.0!Cu!5.0!12.0!Run3!Rep0!Sett High.spe, 365.0,365.0,50,86,XRay Tube Generator,1.09E+05,0.6,299,69,6.0,1.4,0.4,2092,86,41.8,1.7,1.3,9255,123,185.1,2.5,0.6,361,80,7.2,1.6,0.8,4260,109,85.2,2.2,0.4,109,89,2.2,1.8,6.1,-586,183,-11.7,3.7,2.3,23382,475,467.6,9.5,50.7,3105034,1659,62100.68,33.18,0.8,1588,177,31.8,3.5,0.6,6558,297,131.2,5.9
ZH19-35!0!0! 370.0!2019-09-11!02-07-05!50!50!2000!370.0!0.0!Cu!5.0!12.0!Run3!Rep0!Sett High.spe, 370.0,370.0,50,86,XRay Tube Generator,1.09E+05,0.3,391,70,7.8,1.4,0.9,2177,87,43.5,1.7,1.5,9658,124,193.2,2.5,0.3,516,81,10.3,1.6,0.9,4203,108,84.1,2.2,0.6,267,89,5.3,1.8,16.8,3609,183,72.2,3.7,13.3,1559,286,31.2,5.7,64.0,3107245,1660,62144.90,33.21,0.6,1723,176,34.5,3.5,0.8,6513,297,130.3,5.9
ZH19-35!0!0! 375.0!2019-09-11!02-08-39!50!50!2000!375.0!0.0!Cu!5.0!12.0!Run3!Rep0!Sett High.spe, 375.0,375.0,50,86,XRay Tube Generator,1.08E+05,1.0,316,71,6.3,1.4,1.0,1733,85,34.7,1.7,2.1,10165,127,203.3,2.5,0.3,468,79,9.4,1.6,0.5,3373,105,67.5,2.1,0.6,214,90,4.3,1.8,16.0,3445,183,68.9,3.7,0.5,742,187,14.8,3.7,107.9,3112681,1663,62253.63,33.27,1.1,1459,174,29.2,3.5,0.5,6555,296,131.1,5.9
ZH19-35!0!0! 380.0!2019-09-11!02-10-12!50!50!2000!380.0!0.0!Cu!5.0!12.0!Run3!Rep0!Sett High.spe, 380.0,380.0,50,85,XRay Tube Generator,1.08E+05,0.9,22,70,0.4,1.4,0.9,1130,82,22.6,1.6,1.7,10874,129,217.5,2.6,1.3,30,78,0.6,1.6,0.8,2641,104,52.8,2.1,0.7,-110,88,-2.2,1.8,14.0,2840,183,56.8,3.7,8.4,22001,1159,440.02,23.18,65.2,3124009,1665,62480.17,33.30,1.1,957,170,19.1,3.4,0.5,5764,288,115.3,5.8
ZH19-35!0!0! 385.0!2019-09-11!02-11-46!50!50!2000!385.0!0.0!Cu!5.0!12.0!Run3!Rep0!Sett High.spe, 385.0,385.0,50,85,XRay Tube Generator,1.08E+05,0.8,92,70,1.8,1.4,0.7,1089,81,21.8,1.6,1.6,11300,131,226.0,2.6,0.6,116,78,2.3,1.6,0.7,2413,101,48.3,2.0,0.4,-53,89,-1.1,1.8,15.0,2748,183,55.0,3.7,9.4,34928,1281,698.55,25.62,51.2,3134163,1667,62683.27,33.34,0.7,513,169,10.3,3.4,0.4,4623,286,92.5,5.7
ZH19-35!0!0! 390.0!2019-09-11!02-13-19!50!50!2000!390.0!0.0!Cu!5.0!12.0!Run3!Rep0!Sett High.spe, 390.0,390.0,50,86,XRay Tube Generator,1.09E+05,1.1,43,69,0.9,1.4,1.3,924,81,18.5,1.6,1.3,11191,131,223.8,2.6,0.5,2,77,0.0,1.5,0.7,2051,100,41.0,2.0,0.8,-122,89,-2.4,1.8,14.9,2908,184,58.2,3.7,8.0,131846,4906,2636.93,98.12,52.8,3142884,1671,62857.67,33.43,0.9,334,173,6.7,3.5,0.5,4203,289,84.1,5.8
ZH19-35!0!0! 395.0!2019-09-11!02-14-53!50!50!2000!395.0!0.0!Cu!5.0!12.0!Run3!Rep0!Sett High.spe, 395.0,395.0,50,86,XRay Tube Generator,1.09E+05,0.7,146,71,2.9,1.4,0.7,1117,83,22.3,1.7,1.3,10812,130,216.2,2.6,0.5,-6,79,-0.1,1.6,0.7,2201,102,44.0,2.0,0.8,-84,89,-1.7,1.8,13.4,3069,184,61.4,3.7,8.4,41472,1303,829.44,26.06,48.1,3143988,1670,62879.76,33.39,0.8,521,173,10.4,3.5,0.6,4006,289,80.1,5.8
ZH19-35!0!0! 400.0!2019-09-11!02-16-27!50!50!2000!400.0!0.0!Cu!5.0!12.0!Run3!Rep0!Sett High.spe, 400.0,400.0,50,86,XRay Tube Generator,1.09E+05,0.9,461,71,9.2,1.4,0.4,1247,84,24.9,1.7,1.2,10799,131,216.0,2.6,0.4,279,79,5.6,1.6,1.3,2695,102,53.9,2.0,0.4,234,90,4.7,1.8,15.4,3711,185,74.2,3.7,0.6,570,165,11.4,3.3,54.2,3169691,1680,63393.82,33.59,0.6,1947,174,38.9,3.5,0.4,4700,292,94.0,5.8
ZH19-35!0!0! 405.0!2019-09-11!02-18-00!50!50!2000!405.0!0.0!Cu!5.0!12.0!Run3!Rep0!Sett High.spe, 405.0,405.0,50,86,XRay Tube Generator,1.09E+05,0.6,378,71,7.6,1.4,0.8,1285,81,25.7,1.6,1.2,10405,127,208.1,2.5,0.8,265,79,5.3,1.6,1.2,2555,101,51.1,2.0,0.8,240,90,4.8,1.8,14.6,3774,187,75.5,3.7,3.1,936,238,18.7,4.8,132.9,3180755,1681,63615.09,33.63,0.5,1859,174,37.2,3.5,0.4,4943,291,98.9,5.8
ZH19-35!0!0! 410.0!2019-09-11!02-19-34!50!50!2000!410.0!0.0!Cu!5.0!12.0!Run3!Rep0!Sett High.spe, 410.0,410.0,50,86,XRay Tube Generator,1.10E+05,0.6,37,72,0.7,1.4,0.7,1074,83,21.5,1.7,1.0,10841,130,216.8,2.6,0.4,79,79,1.6,1.6,1.0,2210,103,44.2,2.1,0.4,-151,91,-3.0,1.8,15.1,3362,185,67.2,3.7,7.9,52927,2051,1058.54,41.01,51.8,3170181,1679,63403.62,33.58,0.9,416,176,8.3,3.5,0.5,3721,291,74.4,5.8
ZH19-35!0!0! 415.0!2019-09-11!02-21-07!50!50!2000!415.0!0.0!Cu!5.0!12.0!Run3!Rep0!Sett High.spe, 415.0,415.0,50,86,XRay Tube Generator,1.10E+05,0.6,185,70,3.7,1.4,0.5,1172,81,23.4,1.6,2.0,10977,129,219.5,2.6,0.9,204,79,4.1,1.6,1.0,2397,102,47.9,2.0,0.6,-123,89,-2.5,1.8,14.8,3029,186,60.6,3.7,8.7,32489,1369,649.78,27.38,53.0,3175848,1678,63516.96,33.56,0.8,572,175,11.4,3.5,0.5,3782,290,75.6,5.8
ZH19-35!0!0! 420.0!2019-09-11!02-22-41!50!50!2000!420.0!0.0!Cu!5.0!12.0!Run3!Rep0!Sett High.spe, 420.0,420.0,50,86,XRay Tube Generator,1.09E+05,0.3,83,71,1.7,1.4,0.5,962,82,19.2,1.6,2.1,10995,131,219.9,2.6,0.5,47,78,0.9,1.6,0.8,2300,102,46.0,2.0,0.5,-93,89,-1.9,1.8,13.2,3139,185,62.8,3.7,7.9,60816,2363,1216.32,47.27,50.2,3170364,1679,63407.28,33.57,0.6,617,176,12.3,3.5,0.6,3639,293,72.8,5.9
ZH19-35!0!0! 425.0!2019-09-11!02-24-16!50!50!2000!425.0!0.0!Cu!5.0!12.0!Run3!Rep0!Sett High.spe, 425.0,425.0,50,86,XRay Tube Generator,1.09E+05,0.7,230,70,4.6,1.4,0.7,1207,81,24.1,1.6,1.4,11157,130,223.1,2.6,0.4,380,79,7.6,1.6,0.7,2412,100,48.2,2.0,0.3,24,90,0.5,1.8,4.2,-1135,185,-22.7,3.7,1.8,22357,440,447.1,8.8,55.7,3168957,1676,63379.13,33.52,0.7,1639,175,32.8,3.5,0.5,4469,290,89.4,5.8
ZH19-35!0!0! 430.0!2019-09-11!02-25-50!50!50!2000!430.0!0.0!Cu!5.0!12.0!Run3!Rep0!Sett High.spe, 430.0,430.0,50,86,XRay Tube Generator,1.09E+05,0.7,298,72,6.0,1.4,0.5,1373,84,27.5,1.7,1.5,11354,133,227.1,2.7,0.5,253,80,5.1,1.6,0.5,2492,103,49.8,2.1,0.5,160,90,3.2,1.8,15.1,3671,185,73.4,3.7,0.4,520,159,10.4,3.2,49.9,3164717,1679,63294.33,33.57,0.9,1798,174,36.0,3.5,0.9,4468,292,89.4,5.8
ZH19-35!0!0! 435.0!2019-09-11!02-27-24!50!50!2000!435.0!0.0!Cu!5.0!12.0!Run3!Rep0!Sett High.spe, 435.0,435.0,50,86,XRay Tube Generator,1.09E+05,0.6,275,72,5.5,1.4,0.8,1180,82,23.6,1.6,1.7,11865,133,237.3,2.7,0.6,491,78,9.8,1.6,0.9,2580,102,51.6,2.0,0.9,215,89,4.3,1.8,14.8,3630,186,72.6,3.7,0.7,850,200,17.0,4.0,149.4,3160894,1677,63217.88,33.54,0.7,1688,175,33.8,3.5,0.4,5104,292,102.1,5.8
ZH19-35!0!0! 440.0!2019-09-11!02-28-57!50!50!2000!440.0!0.0!Cu!5.0!12.0!Run3!Rep0!Sett High.spe, 440.0,440.0,50,86,XRay Tube Generator,1.09E+05,0.6,372,70,7.4,1.4,0.6,1145,82,22.9,1.6,1.6,11475,132,229.5,2.6,0.5,261,78,5.2,1.6,0.8,2403,101,48.1,2.0,0.4,209,91,4.2,1.8,14.6,3558,186,71.2,3.7,2.7,994,231,19.9,4.6,126.8,3157743,1675,63154.87,33.51,0.6,1728,174,34.6,3.5,0.6,5443,293,108.9,5.9
ZH19-35!0!0! 445.0!2019-09-11!02-30-31!50!50!2000!445.0!0.0!Cu!5.0!12.0!Run3!Rep0!Sett High.spe, 445.0,445.0,50,86,XRay Tube Generator,1.09E+05,0.4,256,70,5.1,1.4,0.5,1196,82,23.9,1.6,1.5,11174,131,223.5,2.6,0.4,55,78,1.1,1.6,0.6,2163,101,43.3,2.0,1.1,-229,89,-4.6,1.8,13.6,3022,183,60.4,3.7,7.7,46634,1704,932.67,34.09,47.4,3150379,1671,63007.59,33.43,0.6,646,173,12.9,3.5,0.5,4079,290,81.6,5.8
ZH19-35!0!0! 450.0!2019-09-11!02-32-07!50!50!2000!450.0!0.0!Cu!5.0!12.0!Run3!Rep0!Sett High.spe, 450.0,450.0,50,86,XRay Tube Generator,1.09E+05,0.8,146,71,2.9,1.4,0.7,1097,83,21.9,1.7,1.4,11533,134,230.7,2.7,0.7,122,80,2.4,1.6,0.8,2125,103,42.5,2.1,0.7,-168,91,-3.4,1.8,13.3,2905,186,58.1,3.7,8.2,35183,1405,703.66,28.10,53.1,3145796,1673,62915.92,33.45,1.0,558,174,11.2,3.5,0.6,4916,291,98.3,5.8
ZH19-35!0!0! 455.0!2019-09-11!02-33-42!50!50!2000!455.0!0.0!Cu!5.0!12.0!Run3!Rep0!Sett High.spe, 455.0,455.0,50,86,XRay Tube Generator,1.09E+05,0.4,315,70,6.3,1.4,0.8,1182,81,23.6,1.6,1.9,11971,133,239.4,2.7,0.6,222,78,4.4,1.6,0.7,2462,102,49.2,2.0,0.6,143,88,2.9,1.8,16.0,3169,183,63.4,3.7,12.8,1335,266,26.7,5.3,73.4,3148604,1671,62972.08,33.42,1.2,1795,170,35.9,3.4,0.7,5556,288,111.1,5.8
ZH19-35!0!0! 460.0!2019-09-11!02-35-16!50!50!2000!460.0!0.0!Cu!5.0!12.0!Run3!Rep0!Sett High.spe, 460.0,460.0,50,85,XRay Tube Generator,1.08E+05,0.6,130,70,2.6,1.4,0.8,917,81,18.3,1.6,1.5,11979,134,239.6,2.7,0.5,-38,78,-0.8,1.6,0.7,2187,101,43.7,2.0,0.5,-255,89,-5.1,1.8,15.0,3178,184,63.6,3.7,8.0,37262,1532,745.24,30.64,49.5,3137169,1670,62743.37,33.40,1.0,578,172,11.6,3.4,0.7,4012,288,80.2,5.8
ZH19-35!0!0! 465.0!2019-09-11!02-36-50!50!50!2000!465.0!0.0!Cu!5.0!12.0!Run3!Rep0!Sett High.spe, 465.0,465.0,50,85,XRay Tube Generator,1.08E+05,0.8,285,70,5.7,1.4,0.7,1155,81,23.1,1.6,2.2,12331,136,246.6,2.7,0.5,292,78,5.8,1.6,0.6,2399,102,48.0,2.0,0.5,343,88,6.9,1.8,1.1,-1464,398,-29.3,8.0,0.8,18260,631,365.21,12.62,47.3,3134771,1671,62695.43,33.42,0.8,1500,171,30.0,3.4,0.7,4829,289,96.6,5.8
ZH19-35!0!0! 470.0!2019-09-11!02-38-24!50!50!2000!470.0!0.0!Cu!5.0!12.0!Run3!Rep0!Sett High.spe, 470.0,470.0,50,85,XRay Tube Generator,1.08E+05,0.3,-67,69,-1.3,1.4,0.5,944,81,18.9,1.6,1.6,11867,134,237.3,2.7,0.8,-27,78,-0.5,1.6,0.9,2139,102,42.8,2.0,0.8,-253,90,-5.1,1.8,14.9,3009,183,60.2,3.7,7.9,104897,3800,2097.93,76.00,48.2,3133779,1669,62675.58,33.37,1.2,931,171,18.6,3.4,0.5,4081,288,81.6,5.8
ZH19-35!0!0! 475.0!2019-09-11!02-39-57!50!50!2000!475.0!0.0!Cu!5.0!12.0!Run3!Rep0!Sett High.spe, 475.0,475.0,50,85,XRay Tube Generator,1.08E+05,0.5,168,70,3.4,1.4,0.9,1048,82,21.0,1.6,2.8,11478,133,229.6,2.7,0.5,23,78,0.5,1.6,0.7,2114,101,42.3,2.0,0.7,-96,88,-1.9,1.8,13.8,2923,184,58.5,3.7,8.5,28909,1288,578.19,25.76,48.0,3133746,1669,62674.93,33.39,0.5,690,173,13.8,3.5,0.4,4593,289,91.9,5.8
ZH19-35!0!0! 480.0!2019-09-11!02-41-31!50!50!2000!480.0!0.0!Cu!5.0!12.0!Run3!Rep0!Sett High.spe, 480.0,480.0,50,86,XRay Tube Generator,1.08E+05,0.6,-9,69,-0.2,1.4,0.9,1079,82,21.6,1.6,1.3,11099,131,222.0,2.6,0.8,143,79,2.9,1.6,0.8,2487,102,49.7,2.0,1.1,-84,89,-1.7,1.8,15.2,3162,184,63.2,3.7,7.5,40306,1687,806.12,33.74,47.1,3127895,1667,62557.90,33.35,0.8,808,174,16.2,3.5,0.3,4912,291,98.2,5.8
ZH19-35!0!0! 485.0!2019-09-11!02-43-05!50!50!2000!485.0!0.0!Cu!5.0!12.0!Run3!Rep0!Sett High.spe, 485.0,485.0,50,85,XRay Tube Generator,1.08E+05,1.0,276,69,5.5,1.4,0.5,1404,82,28.1,1.6,1.7,10990,129,219.8,2.6,0.7,209,77,4.2,1.5,0.5,2546,101,50.9,2.0,0.5,12,88,0.2,1.8,4.4,-1089,183,-21.8,3.7,1.6,22110,439,442.2,8.8,46.9,3128171,1665,62563.41,33.31,1.0,1744,172,34.9,3.4,0.5,5473,290,109.5,5.8
ZH19-35!0!0! 490.0!2019-09-11!02-44-38!50!50!2000!490.0!0.0!Cu!5.0!12.0!Run3!Rep0!Sett High.spe, 490.0,490.0,50,86,XRay Tube Generator,1.08E+05,0.3,94,72,1.9,1.4,0.6,1162,86,23.2,1.7,2.7,11258,135,225.2,2.7,0.4,-87,81,-1.7,1.6,0.7,2145,104,42.9,2.1,0.6,-172,91,-3.4,1.8,15.2,2870,185,57.4,3.7,7.9,59217,4122,1184.34,82.45,50.9,3125620,1670,62512.39,33.41,1.0,469,179,9.4,3.6,0.6,4302,298,86.0,6.0
ZH19-35!0!0! 495.0!2019-09-11!02-46-12!50!50!2000!495.0!0.0!Cu!5.0!12.0!Run3!Rep0!Sett High.spe, 495.0,495.0,50,86,XRay Tube Generator,1.08E+05,0.5,153,71,3.1,1.4,0.8,1192,82,23.8,1.6,2.1,11304,131,226.1,2.6,0.6,134,78,2.7,1.6,0.6,2358,102,47.2,2.0,0.9,-20,89,-0.4,1.8,17.2,2915,184,58.3,3.7,7.9,53192,1735,1063.85,34.69,51.5,3121453,1664,62429.05,33.28,0.9,276,172,5.5,3.4,0.5,4747,289,94.9,5.8
ZH19-35!0!0! 500.0!2019-09-11!02-47-46!50!50!2000!500.0!0.0!Cu!5.0!12.0!Run3!Rep0!Sett High.spe, 500.0,500.0,50,85,XRay Tube Generator,1.08E+05,0.7,46,70,0.9,1.4,0.7,936,81,18.7,1.6,2.0,10883,130,217.7,2.6,0.5,47,77,0.9,1.5,1.1,2241,101,44.8,2.0,0.4,-139,89,-2.8,1.8,14.1,2863,184,57.3,3.7,8.7,34010,1396,680.19,27.93,51.7,3119544,1666,62390.88,33.31,0.6,307,175,6.1,3.5,0.5,5125,291,102.5,5.8
ZH19-35!0!0! 505.0!2019-09-11!02-49-20!50!50!2000!505.0!0.0!Cu!5.0!12.0!Run3!Rep0!Sett High.spe, 505.0,505.0,50,85,XRay Tube Generator,1.08E+05,0.7,83,72,1.7,1.4,0.4,1014,83,20.3,1.7,1.8,11023,133,220.5,2.7,0.5,45,80,0.9,1.6,0.8,2250,104,45.0,2.1,0.5,-217,91,-4.3,1.8,13.0,2897,185,57.9,3.7,7.7,81520,6266,1630.403,125.323,48.0,3120352,1669,62407.04,33.37,0.7,243,177,4.9,3.5,0.6,4042,296,80.8,5.9
ZH19-35!0!0! 510.0!2019-09-11!02-50-54!50!50!2000!510.0!0.0!Cu!5.0!12.0!Run3!Rep0!Sett High.spe, 510.0,510.0,50,85,XRay Tube Generator,1.08E+05,0.7,309,70,6.2,1.4,0.7,1232,81,24.6,1.6,2.2,11635,131,232.7,2.6,0.5,382,77,7.6,1.5,0.7,2599,100,52.0,2.0,0.8,83,88,1.7,1.8,1.4,-1882,204,-37.6,4.1,0.8,20340,391,406.8,7.8,49.9,3117916,1664,62358.32,33.27,0.9,1608,172,32.2,3.4,0.9,5072,289,101.4,5.8
ZH19-35!0!0! 515.0!2019-09-11!02-52-29!50!50!2000!515.0!0.0!Cu!5.0!12.0!Run3!Rep0!Sett High.spe, 515.0,515.0,50,85,XRay Tube Generator,1.08E+05,0.6,283,70,5.7,1.4,0.4,1023,80,20.5,1.6,1.7,11700,131,234.0,2.6,0.3,281,76,5.6,1.5,1.0,2542,99,50.8,2.0,0.4,189,89,3.8,1.8,12.7,3566,183,71.3,3.7,12.4,2187,311,43.7,6.2,49.8,3119188,1663,62383.76,33.25,0.8,1300,171,26.0,3.4,0.6,4630,289,92.6,5.8
ZH19-35!0!0! 520.0!2019-09-11!02-54-03!50!50!2000!520.0!0.0!Cu!5.0!12.0!Run3!Rep0!Sett High.spe, 520.0,520.0,50,85,XRay Tube Generator,1.08E+05,0.5,50,72,1.0,1.4,0.7,866,82,17.3,1.6,1.7,11698,134,234.0,2.7,0.7,18,78,0.4,1.6,0.5,2114,101,42.3,2.0,0.6,34,89,0.7,1.8,13.8,2796,184,55.9,3.7,7.9,57373,2172,1147.45,43.44,52.9,3118184,1665,62363.68,33.30,0.9,351,172,7.0,3.4,0.3,3205,287,64.1,5.7
ZH19-35!0!0! 525.0!2019-09-11!02-55-37!50!50!2000!525.0!0.0!Cu!5.0!12.0!Run3!Rep0!Sett High.spe, 525.0,525.0,50,85,XRay Tube Generator,1.08E+05,0.4,142,70,2.8,1.4,0.7,913,81,18.3,1.6,1.5,11747,133,234.9,2.7,1.0,-121,77,-2.4,1.5,0.7,2099,102,42.0,2.0,0.6,-88,89,-1.8,1.8,12.8,2543,183,50.9,3.7,7.8,69315,2394,1386.31,47.88,51.0,3120205,1665,62404.09,33.31,0.8,605,172,12.1,3.4,0.6,3612,287,72.2,5.7
ZH19-35!0!0! 530.0!2019-09-11!02-57-11!50!50!2000!530.0!0.0!Cu!5.0!12.0!Run3!Rep0!Sett High.spe, 530.0,530.0,50,85,XRay Tube Generator,1.08E+05,0.9,325,70,6.5,1.4,0.7,957,81,19.1,1.6,2.0,12234,135,244.7,2.7,0.8,312,77,6.2,1.5,0.8,2405,102,48.1,2.0,0.3,355,89,7.1,1.8,14.4,3608,183,72.2,3.7,0.4,595,210,11.9,4.2,49.6,3121483,1667,62429.65,33.34,0.6,1518,170,30.4,3.4,0.9,4806,288,96.1,5.8
ZH19-35!0!0! 535.0!2019-09-11!02-58-45!50!50!2000!535.0!0.0!Cu!5.0!12.0!Run3!Rep0!Sett High.spe, 535.0,535.0,50,85,XRay Tube Generator,1.08E+05,0.8,67,70,1.3,1.4,1.1,888,80,17.8,1.6,2.1,11635,132,232.7,2.6,0.7,-59,77,-1.2,1.5,0.8,2046,100,40.9,2.0,0.6,-51,89,-1.0,1.8,14.6,3021,183,60.4,3.7,7.8,113174,3610,2263.47,72.20,49.0,3118549,1663,62370.98,33.26,0.8,387,168,7.7,3.4,0.4,3585,284,71.7,5.7
ZH19-35!0!0! 540.0!2019-09-11!03-00-19!50!50!2000!540.0!0.0!Cu!5.0!12.0!Run3!Rep0!Sett High.spe, 540.0,540.0,50,85,XRay Tube Generator,1.08E+05,0.5,193,70,3.9,1.4,0.9,691,78,13.8,1.6,1.6,11610,132,232.2,2.6,0.5,-114,75,-2.3,1.5,0.4,2053,100,41.1,2.0,0.7,-192,89,-3.8,1.8,14.3,2932,183,58.6,3.7,7.5,53810,1883,1076.20,37.66,45.9,3115594,1662,62311.89,33.24,0.9,446,169,8.9,3.4,0.5,3311,284,66.2,5.7
ZH19-35!0!0! 545.0!2019-09-11!03-01-53!50!50!2000!545.0!0.0!Cu!5.0!12.0!Run3!Rep0!Sett High.spe, 545.0,545.0,50,85,XRay Tube Generator,1.08E+05,1.1,101,70,2.0,1.4,0.7,757,79,15.1,1.6,1.3,11710,133,234.2,2.7,0.6,-30,77,-0.6,1.5,1.1,2086,101,41.7,2.0,0.4,-210,89,-4.2,1.8,13.4,3051,183,61.0,3.7,7.6,53119,1789,1062.37,35.79,49.1,3118558,1663,62371.15,33.25,0.8,579,169,11.6,3.4,0.5,3858,283,77.2,5.7
ZH19-35!0!0! 550.0!2019-09-11!03-03-27!50!50!2000!550.0!0.0!Cu!5.0!12.0!Run3!Rep0!Sett High.spe, 550.0,550.0,50,85,XRay Tube Generator,1.08E+05,0.5,17,70,0.3,1.4,0.4,862,80,17.2,1.6,1.3,11878,134,237.6,2.7,0.7,-100,77,-2.0,1.5,0.8,2093,101,41.9,2.0,0.5,-171,90,-3.4,1.8,13.9,2893,183,57.9,3.7,7.8,51770,2021,1035.41,40.42,50.5,3113974,1664,62279.47,33.27,0.8,598,171,12.0,3.4,0.5,3763,287,75.3,5.7
ZH19-35!0!0! 555.0!2019-09-11!03-05-00!50!50!2000!555.0!0.0!Cu!5.0!12.0!Run3!Rep0!Sett High.spe, 555.0,555.0,50,85,XRay Tube Generator,1.08E+05,0.7,305,70,6.1,1.4,0.6,1011,81,20.2,1.6,1.9,11802,133,236.0,2.7,0.5,199,78,4.0,1.6,1.2,2537,102,50.7,2.0,0.4,273,90,5.5,1.8,14.6,3272,185,65.4,3.7,13.9,2613,378,52.3,7.6,132.2,3105834,1662,62116.68,33.23,0.7,1450,172,29.0,3.4,0.8,5244,288,104.9,5.8
ZH19-35!0!0! 560.0!2019-09-11!03-06-34!50!50!2000!560.0!0.0!Cu!5.0!12.0!Run3!Rep0!Sett High.spe, 560.0,560.0,50,85,XRay Tube Generator,1.08E+05,0.5,26,72,0.5,1.4,1.0,699,82,14.0,1.6,1.7,12147,137,242.9,2.7,0.5,120,80,2.4,1.6,0.6,2109,104,42.2,2.1,0.4,-176,91,-3.5,1.8,13.7,3079,186,61.6,3.7,7.9,36103,1490,722.07,29.80,54.2,3112078,1669,62241.56,33.38,0.8,682,177,13.6,3.5,0.5,3631,294,72.6,5.9
ZH19-35!0!0! 565.0!2019-09-11!03-08-08!50!50!2000!565.0!0.0!Cu!5.0!12.0!Run3!Rep0!Sett High.spe, 565.0,565.0,50,85,XRay Tube Generator,1.08E+05,1.3,375,70,7.5,1.4,0.6,1144,80,22.9,1.6,2.0,12199,134,244.0,2.7,0.6,320,77,6.4,1.5,0.6,2306,101,46.1,2.0,0.6,191,90,3.8,1.8,15.8,3012,184,60.2,3.7,0.5,729,196,14.6,3.9,55.2,3113618,1665,62272.35,33.29,0.7,1272,170,25.4,3.4,0.5,4517,287,90.3,5.7
ZH19-35!0!0! 570.0!2019-09-11!03-09-42!50!50!2000!570.0!0.0!Cu!5.0!12.0!Run3!Rep0!Sett High.spe, 570.0,570.0,50,85,XRay Tube Generator,1.08E+05,0.3,10,70,0.2,1.4,1.0,841,81,16.8,1.6,1.2,12009,135,240.2,2.7,0.5,-40,78,-0.8,1.6,1.1,1806,100,36.1,2.0,0.3,-246,90,-4.9,1.8,13.8,3137,184,62.7,3.7,8.6,32346,1386,646.92,27.71,50.6,3120665,1666,62413.30,33.31,0.8,497,171,9.9,3.4,0.7,4281,285,85.6,5.7
ZH19-35!0!0! 575.0!2019-09-11!03-11-18!50!50!2000!575.0!0.0!Cu!5.0!12.0!Run3!Rep0!Sett High.spe, 575.0,575.0,50,85,XRay Tube Generator,1.08E+05,0.6,41,70,0.8,1.4,1.0,836,80,16.7,1.6,1.3,12268,135,245.4,2.7,0.6,58,77,1.2,1.5,0.7,2222,100,44.4,2.0,0.5,-240,89,-4.8,1.8,14.5,2952,183,59.0,3.7,8.4,34117,1372,682.34,27.43,49.9,3115830,1664,62316.60,33.29,0.7,681,169,13.6,3.4,0.9,4392,284,87.8,5.7
ZH19-35!0!0! 580.0!2019-09-11!03-12-52!50!50!2000!580.0!0.0!Cu!5.0!12.0!Run3!Rep0!Sett High.spe, 580.0,580.0,50,85,XRay Tube Generator,1.08E+05,0.8,339,70,6.8,1.4,0.5,1032,80,20.6,1.6,1.6,12464,135,249.3,2.7,0.5,277,77,5.5,1.5,0.5,2453,103,49.1,2.1,0.6,165,89,3.3,1.8,17.0,3417,183,68.3,3.7,0.4,566,204,11.3,4.1,50.3,3115784,1666,62315.69,33.31,0.8,1371,167,27.4,3.3,0.8,4619,286,92.4,5.7
ZH19-35!0!0! 585.0!2019-09-11!03-14-26!50!50!2000!585.0!0.0!Cu!5.0!12.0!Run3!Rep0!Sett High.spe, 585.0,585.0,50,85,XRay Tube Generator,1.08E+05,0.5,92,71,1.8,1.4,0.7,880,80,17.6,1.6,1.4,12344,135,246.9,2.7,0.4,28,77,0.6,1.5,1.1,2254,101,45.1,2.0,0.7,-147,88,-2.9,1.8,13.3,2965,183,59.3,3.7,7.8,61186,2242,1223.72,44.83,51.7,3118272,1665,62365.43,33.29,0.7,324,169,6.5,3.4,0.6,3474,284,69.5,5.7
ZH19-35!0!0! 590.0!2019-09-11!03-16-00!50!50!2000!590.0!0.0!Cu!5.0!12.0!Run3!Rep0!Sett High.spe, 590.0,590.0,50,85,XRay Tube Generator,1.08E+05,1.1,48,70,1.0,1.4,0.8,653,77,13.1,1.5,1.5,12426,135,248.5,2.7,0.5,-90,76,-1.8,1.5,0.8,2143,101,42.9,2.0,0.7,-87,89,-1.7,1.8,13.6,3269,181,65.4,3.6,7.9,40046,1425,800.92,28.50,50.4,3118008,1663,62360.16,33.25,0.7,206,166,4.1,3.3,0.6,3962,282,79.2,5.6
ZH19-35!0!0! 595.0!2019-09-11!03-17-34!50!50!2000!595.0!0.0!Cu!5.0!12.0!Run3!Rep0!Sett High.spe, 595.0,595.0,50,85,XRay Tube Generator,1.08E+05,0.3,113,70,2.3,1.4,0.9,791,79,15.8,1.6,0.9,12688,136,253.8,2.7,0.7,2,76,0.0,1.5,1.3,2090,101,41.8,2.0,0.6,-215,89,-4.3,1.8,15.7,2932,184,58.6,3.7,7.7,56987,2220,1139.74,44.40,48.2,3119159,1664,62383.17,33.28,0.6,508,168,10.2,3.4,0.5,3572,285,71.4,5.7
ZH19-35!0!0! 600.0!2019-09-11!03-19-08!50!50!2000!600.0!0.0!Cu!5.0!12.0!Run3!Rep0!Sett High.spe, 600.0,600.0,50,85,XRay Tube Generator,1.08E+05,0.7,188,70,3.8,1.4,0.7,1003,79,20.1,1.6,2.3,12858,137,257.2,2.7,0.5,218,77,4.4,1.5,1.5,2362,101,47.2,2.0,0.4,154,88,3.1,1.8,14.0,3355,185,67.1,3.7,1.3,880,218,17.6,4.4,157.1,3116442,1665,62328.84,33.29,0.9,1377,168,27.5,3.4,0.7,4634,285,92.7,5.7
ZH19-35!0!0! 605.0!2019-09-11!03-20-41!50!50!2000!605.0!0.0!Cu!5.0!12.0!Run3!Rep0!Sett High.spe, 605.0,605.0,50,85,XRay Tube Generator,1.07E+05,0.7,109,70,2.2,1.4,0.5,564,77,11.3,1.5,0.9,13628,138,272.6,2.8,0.4,279,76,5.6,1.5,0.5,1708,99,34.2,2.0,0.5,-222,88,-4.4,1.8,15.7,2605,183,52.1,3.7,8.2,42823,1606,856.45,32.12,52.6,3113602,1663,62272.04,33.27,0.7,735,169,14.7,3.4,0.4,3321,282,66.4,5.6
ZH19-35!0!0! 610.0!2019-09-11!03-22-15!50!50!2000!610.0!0.0!Cu!5.0!12.0!Run3!Rep0!Sett High.spe, 610.0,610.0,50,85,XRay Tube Generator,1.07E+05,0.5,4,68,0.1,1.4,0.4,696,77,13.9,1.5,1.4,13050,137,261.0,2.7,1.2,-121,75,-2.4,1.5,0.5,1941,100,38.8,2.0,0.5,-208,89,-4.2,1.8,13.1,2516,182,50.3,3.6,8.7,37058,1226,741.15,24.53,48.1,3113743,1661,62274.87,33.22,1.2,424,165,8.5,3.3,0.5,2936,280,58.7,5.6
ZH19-35!0!0! 615.0!2019-09-11!03-23-49!50!50!2000!615.0!0.0!Cu!5.0!12.0!Run3!Rep0!Sett High.spe, 615.0,615.0,50,85,XRay Tube Generator,1.07E+05,0.8,125,69,2.5,1.4,0.4,823,78,16.5,1.6,2.0,13731,140,274.6,2.8,0.7,261,76,5.2,1.5,0.7,2214,102,44.3,2.0,0.5,-3,88,-0.1,1.8,4.8,-826,240,-16.5,4.8,1.7,22958,634,459.17,12.68,49.0,3115946,1675,62318.93,33.49,0.6,1455,166,29.1,3.3,0.6,4378,282,87.6,5.6
ZH19-35!0!0! 620.0!2019-09-11!03-25-23!50!50!2000!620.0!0.0!Cu!5.0!12.0!Run3!Rep0!Sett High.spe, 620.0,620.0,50,85,XRay Tube Generator,1.07E+05,0.6,102,70,2.0,1.4,1.1,723,77,14.5,1.5,1.2,13510,139,270.2,2.8,0.7,48,78,1.0,1.6,0.5,1804,101,36.1,2.0,0.7,-230,88,-4.6,1.8,13.0,2944,184,58.9,3.7,8.1,29826,1355,596.53,27.10,51.6,3108139,1662,62162.77,33.24,1.1,673,167,13.5,3.3,0.5,3758,280,75.2,5.6
ZH19-35!0!0! 625.0!2019-09-11!03-26-56!50!50!2000!625.0!0.0!Cu!5.0!12.0!Run3!Rep0!Sett High.spe, 625.0,625.0,50,85,XRay Tube Generator,1.07E+05,0.5,114,69,2.3,1.4,0.7,706,78,14.1,1.6,1.0,13408,140,268.2,2.8,0.6,-140,77,-2.8,1.5,0.7,2012,101,40.2,2.0,0.6,-102,88,-2.0,1.8,13.6,2728,184,54.6,3.7,8.3,40982,1581,819.65,31.62,48.2,3111007,1663,62220.15,33.26,0.7,518,168,10.4,3.4,0.6,3675,281,73.5,5.6
ZH19-35!0!0! 630.0!2019-09-11!03-28-30!50!50!2000!630.0!0.0!Cu!5.0!12.0!Run3!Rep0!Sett High.spe, 630.0,630.0,50,85,XRay Tube Generator,1.07E+05,0.7,38,70,0.8,1.4,0.6,811,79,16.2,1.6,2.1,13500,139,270.0,2.8,0.6,-103,76,-2.1,1.5,1.0,2006,101,40.1,2.0,0.7,-40,89,-0.8,1.8,13.0,2816,182,56.3,3.6,8.0,39126,1466,782.51,29.32,47.5,3111848,1661,62236.96,33.22,0.8,400,165,8.0,3.3,0.4,3591,278,71.8,5.6
ZH19-35!0!0! 635.0!2019-09-11!03-30-05!50!50!2000!635.0!0.0!Cu!5.0!12.0!Run3!Rep0!Sett High.spe, 635.0,635.0,50,85,XRay Tube Generator,1.07E+05,0.4,92,70,1.8,1.4,0.3,696,78,13.9,1.6,1.6,13406,139,268.1,2.8,0.5,-116,77,-2.3,1.5,0.7,1992,102,39.8,2.0,0.5,-115,88,-2.3,1.8,15.9,2658,182,53.2,3.6,8.3,35336,1391,706.72,27.81,46.6,3111747,1663,62234.94,33.26,1.0,388,167,7.8,3.3,0.5,3913,281,78.3,5.6
ZH19-35!0!0! 640.0!2019-09-11!03-31-39!50!50!2000!640.0!0.0!Cu!5.0!12.0!Run3!Rep0!Sett High.spe, 640.0,640.0,50,85,XRay Tube Generator,1.07E+05,0.5,238,71,4.8,1.4,0.8,901,81,18.0,1.6,1.8,13464,141,269.3,2.8,0.4,288,82,5.8,1.6,0.7,2176,107,43.5,2.1,0.7,-98,95,-2.0,1.9,15.4,2333,195,46.7,3.9,0.0,12427,740,248.54,14.80,58.4,3104482,1671,62089.63,33.42,0.8,1562,166,31.2,3.3,0.5,4973,281,99.5,5.6
ZH19-35!0!0! 645.0!2019-09-11!03-33-14!50!50!2000!645.0!0.0!Cu!5.0!12.0!Run3!Rep0!Sett High.spe, 645.0,645.0,50,85,XRay Tube Generator,1.07E+05,0.5,269,71,5.4,1.4,0.7,850,79,17.0,1.6,2.4,13086,138,261.7,2.8,0.8,362,76,7.2,1.5,1.3,2434,102,48.7,2.0,0.5,99,87,2.0,1.7,14.1,3257,182,65.1,3.6,0.4,445,119,8.9,2.4,52.5,3102044,1662,62040.87,33.23,0.7,1448,165,29.0,3.3,0.5,4612,282,92.2,5.6
ZH19-35!0!0! 650.0!2019-09-11!03-34-48!50!50!2000!650.0!0.0!Cu!5.0!12.0!Run3!Rep0!Sett High.spe, 650.0,650.0,50,85,XRay Tube Generator,1.07E+05,0.4,118,69,2.4,1.4,0.5,685,78,13.7,1.6,1.5,12589,136,251.8,2.7,0.7,-57,77,-1.1,1.5,0.7,1991,101,39.8,2.0,0.4,-66,89,-1.3,1.8,13.1,2965,183,59.3,3.7,7.8,58981,2091,1179.63,41.82,46.8,3094983,1658,61899.66,33.17,0.8,471,167,9.4,3.3,0.5,3351,282,67.0,5.6
ZH19-35!0!0! 655.0!2019-09-11!03-36-22!50!50!2000!655.0!0.0!Cu!5.0!12.0!Run3!Rep0!Sett High.spe, 655.0,655.0,50,85,XRay Tube Generator,1.07E+05,0.3,28,71,0.6,1.4,0.4,611,78,12.2,1.6,1.4,12719,136,254.4,2.7,0.9,14,76,0.3,1.5,0.8,2060,101,41.2,2.0,0.6,-197,88,-3.9,1.8,15.0,3106,182,62.1,3.6,7.9,73588,2889,1471.76,57.79,50.0,3097903,1659,61958.05,33.18,0.8,408,167,8.2,3.3,0.6,3483,281,69.7,5.6
ZH19-35!0!0! 660.0!2019-09-11!03-37-56!50!50!2000!660.0!0.0!Cu!5.0!12.0!Run3!Rep0!Sett High.spe, 660.0,660.0,50,85,XRay Tube Generator,1.07E+05,0.5,221,68,4.4,1.4,0.6,583,77,11.7,1.5,1.9,12560,135,251.2,2.7,0.8,54,75,1.1,1.5,0.5,1886,100,37.7,2.0,0.5,-120,88,-2.4,1.8,13.5,2660,182,53.2,3.6,7.8,30940,1239,618.80,24.78,48.4,3093889,1656,61877.78,33.12,0.6,664,165,13.3,3.3,0.5,3606,278,72.1,5.6
ZH19-35!0!0! 665.0!2019-09-11!03-39-31!50!50!2000!665.0!0.0!Cu!5.0!12.0!Run3!Rep0!Sett High.spe, 665.0,665.0,50,85,XRay Tube Generator,1.07E+05,0.5,24,70,0.5,1.4,0.7,706,80,14.1,1.6,2.7,12745,138,254.9,2.8,0.7,-81,77,-1.6,1.5,0.9,1958,101,39.2,2.0,1.0,-90,88,-1.8,1.8,14.1,3016,183,60.3,3.7,8.2,37180,1503,743.60,30.06,50.8,3098850,1660,61977.01,33.19,1.1,361,166,7.2,3.3,0.6,3972,280,79.4,5.6
ZH19-35!0!0! 670.0!2019-09-11!03-41-05!50!50!2000!670.0!0.0!Cu!5.0!12.0!Run3!Rep0!Sett High.spe, 670.0,670.0,50,85,XRay Tube Generator,1.07E+05,0.4,7,69,0.1,1.4,0.7,687,79,13.7,1.6,1.7,12455,135,249.1,2.7,0.6,38,77,0.8,1.5,0.7,1858,100,37.2,2.0,0.6,-123,89,-2.5,1.8,15.0,2928,183,58.6,3.7,8.2,27831,1238,556.62,24.77,49.4,3099351,1660,61987.02,33.20,1.0,765,167,15.3,3.3,0.6,3498,281,70.0,5.6
ZH19-35!0!0! 675.0!2019-09-11!03-42-39!50!50!2000!675.0!0.0!Cu!5.0!12.0!Run3!Rep0!Sett High.spe, 675.0,675.0,50,85,XRay Tube Generator,1.07E+05,0.6,215,71,4.3,1.4,0.8,984,82,19.7,1.6,1.8,12435,138,248.7,2.8,0.9,-225,81,-4.5,1.6,0.8,1856,109,37.1,2.2,1.0,243,97,4.9,1.9,19.8,950,203,19.0,4.1,8.2,17702,661,354.04,13.23,54.4,3102994,1666,62059.88,33.32,0.8,1554,166,31.1,3.3,0.9,4594,283,91.9,5.7
ZH19-35!0!0! 680.0!2019-09-11!03-44-12!50!50!2000!680.0!0.0!Cu!5.0!12.0!Run3!Rep0!Sett High.spe, 680.0,680.0,50,85,XRay Tube Generator,1.07E+05,0.6,203,68,4.1,1.4,0.5,912,78,18.2,1.6,1.3,12824,135,256.5,2.7,0.6,269,76,5.4,1.5,0.6,2240,100,44.8,2.0,0.3,63,88,1.3,1.8,1.3,-1068,183,-21.4,3.7,0.6,18191,342,363.8,6.8,51.8,3107892,1660,62157.83,33.20,0.5,1398,165,28.0,3.3,0.6,4609,281,92.2,5.6
ZH19-35!0!0! 685.0!2019-09-11!03-45-48!50!50!2000!685.0!0.0!Cu!5.0!12.0!Run3!Rep0!Sett High.spe, 685.0,685.0,50,85,XRay Tube Generator,1.07E+05,0.4,173,69,3.5,1.4,0.8,769,77,15.4,1.5,1.1,12777,134,255.5,2.7,0.6,-76,75,-1.5,1.5,0.6,1996,100,39.9,2.0,0.6,-328,88,-6.6,1.8,13.8,2442,183,48.8,3.7,13.2,16626,712,332.52,14.23,57.9,3120246,1663,62404.92,33.27,0.9,1179,165,23.6,3.3,0.4,4796,279,95.9,5.6
ZH19-35!0!0! 690.0!2019-09-11!03-47-22!50!50!2000!690.0!0.0!Cu!5.0!12.0!Run3!Rep0!Sett High.spe, 690.0,690.0,50,85,XRay Tube Generator,1.07E+05,0.4,186,70,3.7,1.4,0.7,706,78,14.1,1.6,1.1,12120,134,242.4,2.7,0.7,-115,76,-2.3,1.5,0.7,1802,99,36.0,2.0,0.4,-65,89,-1.3,1.8,12.3,2827,185,56.5,3.7,7.6,31692,1342,633.84,26.85,47.0,3116723,1664,62334.46,33.28,1.0,266,167,5.3,3.3,0.6,3374,280,67.5,5.6
ZH19-35!0!0! 695.0!2019-09-11!03-48-55!50!50!2000!695.0!0.0!Cu!5.0!12.0!Run3!Rep0!Sett High.spe, 695.0,695.0,50,85,XRay Tube Generator,1.07E+05,0.6,63,70,1.3,1.4,0.8,658,78,13.2,1.6,1.5,11958,134,239.2,2.7,0.6,-57,76,-1.1,1.5,0.8,2039,100,40.8,2.0,0.4,-218,90,-4.4,1.8,14.2,2897,182,57.9,3.6,7.9,101794,3737,2035.88,74.75,50.1,3115117,1663,62302.34,33.27,1.1,216,166,4.3,3.3,0.3,3404,280,68.1,5.6
ZH19-35!0!0! 700.0!2019-09-11!03-50-31!50!50!2000!700.0!0.0!Cu!5.0!12.0!Run3!Rep0!Sett High.spe, 700.0,700.0,50,85,XRay Tube Generator,1.07E+05,1.0,77,69,1.5,1.4,0.9,840,78,16.8,1.6,2.1,11857,132,237.1,2.6,0.7,-38,77,-0.8,1.5,1.1,1977,100,39.5,2.0,0.4,-254,88,-5.1,1.8,13.1,2758,182,55.2,3.6,7.9,58771,2074,1175.42,41.49,50.2,3118974,1663,62379.49,33.26,0.9,445,165,8.9,3.3,0.5,3436,279,68.7,5.6
ZH19-35!0!0! 705.0!2019-09-11!03-52-05!50!50!2000!705.0!0.0!Cu!5.0!12.0!Run3!Rep0!Sett High.spe, 705.0,705.0,50,85,XRay Tube Generator,1.07E+05,0.6,171,70,3.4,1.4,0.5,709,78,14.2,1.6,1.8,11961,133,239.2,2.7,0.6,111,77,2.2,1.5,1.2,1988,100,39.8,2.0,0.7,-146,87,-2.9,1.7,13.7,3200,182,64.0,3.6,8.9,24605,1128,492.10,22.55,54.7,3125377,1665,62507.53,33.30,0.9,550,165,11.0,3.3,0.6,3645,278,72.9,5.6
ZH19-35!0!0! 710.0!2019-09-11!03-53-40!50!50!2000!710.0!0.0!Cu!5.0!12.0!Run3!Rep0!Sett High.spe, 710.0,710.0,50,85,XRay Tube Generator,1.08E+05,0.7,104,72,2.1,1.4,0.8,594,80,11.9,1.6,2.0,12026,137,240.5,2.7,0.4,-69,79,-1.4,1.6,0.9,1892,102,37.8,2.0,0.6,-280,90,-5.6,1.8,15.2,3369,185,67.4,3.7,8.1,56535,4081,1130.70,81.62,51.0,3136706,1673,62734.12,33.46,1.1,363,170,7.3,3.4,0.8,3770,285,75.4,5.7
ZH19-35!0!0! 715.0!2019-09-11!03-55-14!50!50!2000!715.0!0.0!Cu!5.0!12.0!Run3!Rep0!Sett High.spe, 715.0,715.0,50,85,XRay Tube Generator,1.08E+05,0.4,13,69,0.3,1.4,0.6,619,78,12.4,1.6,2.0,11972,134,239.4,2.7,0.6,11,77,0.2,1.5,1.4,2024,101,40.5,2.0,0.5,-225,89,-4.5,1.8,13.6,2861,184,57.2,3.7,8.6,30443,1358,608.86,27.16,50.1,3141978,1671,62839.56,33.42,1.0,696,166,13.9,3.3,0.5,3702,280,74.0,5.6
ZH19-35!0!0! 720.0!2019-09-11!03-56-48!50!50!2000!720.0!0.0!Cu!5.0!12.0!Run3!Rep0!Sett High.spe, 720.0,720.0,50,85,XRay Tube Generator,1.08E+05,0.6,47,70,0.9,1.4,0.8,745,79,14.9,1.6,2.0,12177,135,243.5,2.7,0.8,-91,77,-1.8,1.5,1.0,1936,101,38.7,2.0,0.8,-161,89,-3.2,1.8,13.3,2864,183,57.3,3.7,8.5,38826,1388,776.52,27.75,51.2,3139168,1670,62783.36,33.40,0.7,473,165,9.5,3.3,0.5,3359,278,67.2,5.6
ZH19-35!0!0! 725.0!2019-09-11!03-58-22!50!50!2000!725.0!0.0!Cu!5.0!12.0!Run3!Rep0!Sett High.spe, 725.0,725.0,50,85,XRay Tube Generator,1.08E+05,0.5,226,70,4.5,1.4,0.6,943,78,18.9,1.6,1.4,12350,133,247.0,2.7,0.5,343,76,6.9,1.5,0.7,2353,100,47.1,2.0,0.4,177,88,3.5,1.8,14.9,3525,183,70.5,3.7,0.6,792,132,15.8,2.6,52.6,3138007,1668,62760.14,33.35,0.9,1387,165,27.7,3.3,0.5,4236,280,84.7,5.6
ZH19-35!0!0! 730.0!2019-09-11!03-59-55!50!50!2000!730.0!0.0!Cu!5.0!12.0!Run3!Rep0!Sett High.spe, 730.0,730.0,50,85,XRay Tube Generator,1.08E+05,0.7,137,71,2.7,1.4,0.4,645,79,12.9,1.6,1.3,12336,135,246.7,2.7,0.4,-3,77,-0.1,1.5,1.0,1944,101,38.9,2.0,0.6,-241,89,-4.8,1.8,13.6,3021,183,60.4,3.7,8.2,31090,1347,621.79,26.94,49.7,3129693,1668,62593.85,33.36,0.8,448,167,9.0,3.3,0.6,3650,280,73.0,5.6
ZH19-35!0!0! 735.0!2019-09-11!04-01-29!50!50!2000!735.0!0.0!Cu!5.0!12.0!Run3!Rep0!Sett High.spe, 735.0,735.0,50,85,XRay Tube Generator,1.08E+05,0.5,-47,69,-0.9,1.4,0.7,596,77,11.9,1.5,1.3,12131,134,242.6,2.7,0.4,29,76,0.6,1.5,1.1,2049,100,41.0,2.0,0.5,-95,89,-1.9,1.8,14.8,3386,183,67.7,3.7,7.8,40954,1546,819.09,30.91,52.2,3133527,1666,62670.55,33.33,1.0,498,165,10.0,3.3,0.8,3266,279,65.3,5.6
ZH19-35!0!0! 740.0!2019-09-11!04-03-04!50!50!2000!740.0!0.0!Cu!5.0!12.0!Run3!Rep0!Sett High.spe, 740.0,740.0,50,85,XRay Tube Generator,1.08E+05,0.7,211,70,4.2,1.4,0.4,733,79,14.7,1.6,1.3,12555,135,251.1,2.7,0.4,-23,77,-0.5,1.5,0.6,1940,100,38.8,2.0,0.4,-136,89,-2.7,1.8,14.4,3120,183,62.4,3.7,8.5,31417,1318,628.34,26.36,48.5,3128903,1668,62578.07,33.35,1.0,915,166,18.3,3.3,0.5,3454,281,69.1,5.6
ZH19-35!0!0! 745.0!2019-09-11!04-04-37!50!50!2000!745.0!0.0!Cu!5.0!12.0!Run3!Rep0!Sett High.spe, 745.0,745.0,50,85,XRay Tube Generator,1.08E+05,0.7,20,71,0.4,1.4,0.7,714,80,14.3,1.6,1.3,12281,137,245.6,2.7,1.0,-185,78,-3.7,1.6,0.4,2051,103,41.0,2.1,0.6,-166,91,-3.3,1.8,13.1,2807,184,56.1,3.7,7.6,50173,3522,1003.46,70.43,47.7,3128383,1671,62567.67,33.43,0.8,275,171,5.5,3.4,0.4,3747,286,74.9,5.7
ZH19-35!0!0! 750.0!2019-09-11!04-06-12!50!50!2000!750.0!0.0!Cu!5.0!12.0!Run3!Rep0!Sett High.spe, 750.0,750.0,50,85,XRay Tube Generator,1.08E+05,0.8,117,70,2.3,1.4,0.4,677,77,13.5,1.5,2.6,12587,135,251.7,2.7,0.5,-74,76,-1.5,1.5,0.8,1797,100,35.9,2.0,0.5,106,89,2.1,1.8,15.1,2830,183,56.6,3.7,7.8,31777,1418,635.54,28.36,65.3,3134565,1668,62691.31,33.35,0.6,611,165,12.2,3.3,0.6,3709,280,74.2,5.6
ZH19-35!0!0! 755.0!2019-09-11!04-07-46!50!50!2000!755.0!0.0!Cu!5.0!12.0!Run3!Rep0!Sett High.spe, 755.0,755.0,50,85,XRay Tube Generator,1.08E+05,1.0,293,70,5.9,1.4,0.5,900,78,18.0,1.6,1.6,12924,136,258.5,2.7,0.4,360,77,7.2,1.5,0.9,2317,101,46.3,2.0,0.4,159,89,3.2,1.8,9.3,-843,248,-16.9,5.0,5.2,25283,711,505.66,14.22,47.1,3134537,1691,62690.74,33.81,0.6,1744,164,34.9,3.3,0.4,4658,281,93.2,5.6
ZH19-35!0!0! 760.0!2019-09-11!04-09-20!50!50!2000!760.0!0.0!Cu!5.0!12.0!Run3!Rep0!Sett High.spe, 760.0,760.0,50,85,XRay Tube Generator,1.08E+05,0.5,302,70,6.0,1.4,0.5,727,79,14.5,1.6,0.8,12948,138,259.0,2.8,0.5,231,77,4.6,1.5,0.6,2208,102,44.2,2.0,0.5,170,89,3.4,1.8,14.3,3428,182,68.6,3.6,0.7,710,194,14.2,3.9,50.1,3135055,1671,62701.10,33.42,0.6,1339,164,26.8,3.3,0.9,4728,281,94.6,5.6
ZH19-35!0!0! 765.0!2019-09-11!04-10-54!50!50!2000!765.0!0.0!Cu!5.0!12.0!Run3!Rep0!Sett High.spe, 765.0,765.0,50,85,XRay Tube Generator,1.08E+05,0.6,57,70,1.1,1.4,0.6,617,78,12.3,1.6,1.6,13079,138,261.6,2.8,0.7,-44,77,-0.9,1.5,0.6,1954,101,39.1,2.0,0.5,19,89,0.4,1.8,14.4,3345,183,66.9,3.7,7.8,51463,2069,1029.26,41.39,50.1,3137208,1669,62744.16,33.39,0.7,208,167,4.2,3.3,0.4,3663,282,73.3,5.6
ZH19-35!0!0! 770.0!2019-09-11!04-12-29!50!50!2000!770.0!0.0!Cu!5.0!12.0!Run3!Rep0!Sett High.spe, 770.0,770.0,50,85,XRay Tube Generator,1.08E+05,0.4,164,69,3.3,1.4,0.4,696,78,13.9,1.6,1.2,13010,137,260.2,2.7,0.5,-134,76,-2.7,1.5,0.6,1936,100,38.7,2.0,0.5,-95,88,-1.9,1.8,12.7,3337,183,66.7,3.7,8.7,32042,1249,640.85,24.99,48.7,3133141,1667,62662.81,33.33,0.9,632,165,12.6,3.3,0.4,3598,278,72.0,5.6
ZH19-35!0!0! 775.0!2019-09-11!04-14-03!50!50!2000!775.0!0.0!Cu!5.0!12.0!Run3!Rep0!Sett High.spe, 775.0,775.0,50,85,XRay Tube Generator,1.08E+05,0.3,-60,68,-1.2,1.4,1.1,730,79,14.6,1.6,1.2,12934,138,258.7,2.8,0.5,-117,76,-2.3,1.5,1.0,1968,101,39.4,2.0,0.3,-344,88,-6.9,1.8,13.6,2767,184,55.3,3.7,8.2,31075,1304,621.51,26.09,50.1,3136217,1670,62724.34,33.39,0.9,487,166,9.7,3.3,0.6,3911,280,78.2,5.6
ZH19-35!0!0! 780.0!2019-09-11!04-15-39!50!50!2000!780.0!0.0!Cu!5.0!12.0!Run3!Rep0!Sett High.spe, 780.0,780.0,50,85,XRay Tube Generator,1.08E+05,0.4,5,69,0.1,1.4,0.7,703,78,14.1,1.6,2.2,13023,137,260.5,2.7,0.4,-161,75,-3.2,1.5,0.5,1901,100,38.0,2.0,0.6,-209,89,-4.2,1.8,14.4,3357,183,67.1,3.7,8.2,58674,2404,1173.48,48.08,67.1,3148936,1671,62978.72,33.43,1.4,565,164,11.3,3.3,0.4,3799,279,76.0,5.6
ZH19-35!0!0! 785.0!2019-09-11!04-17-13!50!50!2000!785.0!0.0!Cu!5.0!12.0!Run3!Rep0!Sett High.spe, 785.0,785.0,50,85,XRay Tube Generator,1.08E+05,0.5,12,70,0.2,1.4,1.1,693,79,13.9,1.6,0.9,12821,137,256.4,2.7,0.6,-98,76,-2.0,1.5,0.7,1921,101,38.4,2.0,0.6,-211,89,-4.2,1.8,13.9,3178,183,63.6,3.7,7.7,92100,3530,1842.01,70.60,50.4,3143657,1671,62873.14,33.42,0.6,300,165,6.0,3.3,0.5,3748,280,75.0,5.6
ZH19-35!0!0! 790.0!2019-09-11!04-18-47!50!50!2000!790.0!0.0!Cu!5.0!12.0!Run3!Rep0!Sett High.spe, 790.0,790.0,50,85,XRay Tube Generator,1.08E+05,1.1,-16,68,-0.3,1.4,0.7,462,78,9.2,1.6,2.0,13218,138,264.4,2.8,0.6,-7,76,-0.1,1.5,0.6,2020,101,40.4,2.0,0.6,-163,89,-3.3,1.8,18.8,3133,182,62.7,3.6,8.0,37384,1512,747.67,30.25,49.7,3139795,1670,62795.91,33.41,0.8,739,164,14.8,3.3,0.5,3414,279,68.3,5.6
ZH19-35!0!0! 795.0!2019-09-11!04-20-21!50!50!2000!795.0!0.0!Cu!5.0!12.0!Run3!Rep0!Sett High.spe, 795.0,795.0,50,85,XRay Tube Generator,1.08E+05,0.7,85,70,1.7,1.4,1.1,810,79,16.2,1.6,0.9,13430,139,268.6,2.8,0.5,-111,76,-2.2,1.5,0.6,1960,101,39.2,2.0,0.5,-268,88,-5.4,1.8,14.8,3549,182,71.0,3.6,8.6,32029,1375,640.58,27.51,50.4,3136620,1670,62732.39,33.39,0.9,790,165,15.8,3.3,0.3,4449,278,89.0,5.6
ZH19-35!0!0! 800.0!2019-09-11!04-21-55!50!50!2000!800.0!0.0!Cu!5.0!12.0!Run3!Rep0!Sett High.spe, 800.0,800.0,50,85,XRay Tube Generator,1.08E+05,0.5,185,70,3.7,1.4,1.0,1011,80,20.2,1.6,0.9,13456,140,269.1,2.8,0.5,242,77,4.8,1.5,0.6,2449,103,49.0,2.1,0.6,132,88,2.6,1.8,15.1,3312,183,66.2,3.7,0.0,423,1,8.458,0.017,53.3,3130241,1669,62604.81,33.38,0.5,1440,164,28.8,3.3,0.7,5125,282,102.5,5.6
ZH19-35!0!0! 805.0!2019-09-11!04-23-29!50!50!2000!805.0!0.0!Cu!5.0!12.0!Run3!Rep0!Sett High.spe, 805.0,805.0,50,85,XRay Tube Generator,1.08E+05,1.1,203,69,4.1,1.4,0.4,988,80,19.8,1.6,1.7,13643,141,272.9,2.8,0.5,230,78,4.6,1.6,1.0,2397,102,47.9,2.0,0.5,255,89,5.1,1.8,15.6,3527,182,70.5,3.6,0.5,464,156,9.3,3.1,50.6,3128393,1669,62567.86,33.38,0.4,1477,164,29.5,3.3,0.4,4790,282,95.8,5.6
ZH19-35!0!0! 810.0!2019-09-11!04-25-03!50!50!2000!810.0!0.0!Cu!5.0!12.0!Run3!Rep0!Sett High.spe, 810.0,810.0,50,85,XRay Tube Generator,1.07E+05,0.7,-6,69,-0.1,1.4,0.7,647,78,12.9,1.6,1.0,13189,139,263.8,2.8,0.5,-57,78,-1.1,1.6,1.2,2051,102,41.0,2.0,0.5,-1,90,-0.0,1.8,12.6,2773,183,55.5,3.7,7.8,58508,2235,1170.16,44.70,49.6,3120279,1665,62405.59,33.30,1.0,71,167,1.4,3.3,0.5,4267,281,85.3,5.6
ZH19-35!0!0! 815.0!2019-09-11!04-26-36!50!50!2000!815.0!0.0!Cu!5.0!12.0!Run3!Rep0!Sett High.spe, 815.0,815.0,50,85,XRay Tube Generator,1.07E+05,0.3,114,70,2.3,1.4,0.8,672,79,13.4,1.6,2.5,13302,139,266.0,2.8,0.5,25,78,0.5,1.6,0.8,1879,101,37.6,2.0,0.4,-200,90,-4.0,1.8,14.8,2581,183,51.6,3.7,8.1,48147,1838,962.93,36.76,53.7,3121422,1665,62428.44,33.31,0.9,411,166,8.2,3.3,0.6,3921,282,78.4,5.6
ZH19-35!0!0! 820.0!2019-09-11!04-28-10!50!50!2000!820.0!0.0!Cu!5.0!12.0!Run3!Rep0!Sett High.spe, 820.0,820.0,50,85,XRay Tube Generator,1.07E+05,0.6,98,71,2.0,1.4,0.7,587,79,11.7,1.6,2.1,13450,140,269.0,2.8,0.6,9,77,0.2,1.5,0.6,1908,102,38.2,2.0,0.6,-196,89,-3.9,1.8,12.0,2954,183,59.1,3.7,7.7,63137,2485,1262.74,49.71,51.3,3124183,1666,62483.67,33.31,0.9,238,166,4.8,3.3,0.4,3757,280,75.1,5.6
ZH19-35!0!0! 825.0!2019-09-11!04-29-44!50!50!2000!825.0!0.0!Cu!5.0!12.0!Run3!Rep0!Sett High.spe, 825.0,825.0,50,85,XRay Tube Generator,1.07E+05,0.7,203,69,4.1,1.4,0.7,807,78,16.1,1.6,1.5,13363,138,267.3,2.8,0.6,-53,75,-1.1,1.5,0.8,2057,101,41.1,2.0,0.4,-8,88,-0.2,1.8,15.8,2451,183,49.0,3.7,10.1,22801,1039,456.01,20.78,50.8,3124116,1664,62482.32,33.29,0.7,944,164,18.9,3.3,0.7,4566,278,91.3,5.6
ZH19-35!0!0! 830.0!2019-09-11!04-31-18!50!50!2000!830.0!0.0!Cu!5.0!12.0!Run3!Rep0!Sett High.spe, 830.0,830.0,50,85,XRay Tube Generator,1.08E+05,0.4,123,70,2.5,1.4,0.9,843,79,16.9,1.6,0.8,13183,138,263.7,2.8,0.5,-13,77,-0.3,1.5,1.0,1880,101,37.6,2.0,0.7,-185,89,-3.7,1.8,13.1,2848,184,57.0,3.7,8.0,33893,1493,677.87,29.87,49.9,3131404,1668,62628.07,33.36,0.8,457,168,9.1,3.4,0.6,4044,280,80.9,5.6
ZH19-35!0!0! 835.0!2019-09-11!04-32-52!50!50!2000!835.0!0.0!Cu!5.0!12.0!Run3!Rep0!Sett High.spe, 835.0,835.0,50,85,XRay Tube Generator,1.08E+05,0.6,42,69,0.8,1.4,0.5,660,77,13.2,1.5,3.9,13218,137,264.4,2.7,0.4,-62,75,-1.2,1.5,1.1,1984,100,39.7,2.0,0.5,-189,88,-3.8,1.8,13.8,3026,183,60.5,3.7,7.8,41942,1579,838.84,31.58,48.5,3130728,1666,62614.55,33.32,1.0,224,166,4.5,3.3,0.5,4287,279,85.7,5.6
ZH19-35!0!0! 840.0!2019-09-11!04-34-26!50!50!2000!840.0!0.0!Cu!5.0!12.0!Run3!Rep0!Sett High.spe, 840.0,840.0,50,85,XRay Tube Generator,1.07E+05,0.4,5,69,0.1,1.4,0.7,764,79,15.3,1.6,1.3,13689,140,273.8,2.8,0.5,-96,76,-1.9,1.5,0.6,2015,102,40.3,2.0,0.4,-244,89,-4.9,1.8,15.0,2883,183,57.7,3.7,7.9,38150,1611,763.00,32.22,51.4,3097872,1659,61957.44,33.18,0.7,231,167,4.6,3.3,0.6,4227,282,84.5,5.6
ZH19-35!0!0! 845.0!2019-09-11!04-35-57!50!50!2000!845.0!0.0!Cu!5.0!12.0!Run3!Rep0!Sett High.spe, 845.0,845.0,50,85,XRay Tube Generator,1.07E+05,0.8,148,68,3.0,1.4,0.9,606,77,12.1,1.5,1.4,13670,139,273.4,2.8,0.5,-47,76,-0.9,1.5,1.2,1925,100,38.5,2.0,0.4,-210,87,-4.2,1.7,13.0,2886,182,57.7,3.6,8.1,32228,1215,644.56,24.29,49.8,3085555,1654,61711.09,33.07,0.7,338,164,6.8,3.3,0.4,4302,282,86.0,5.6
ZH19-35!0!0! 850.0!2019-09-11!04-37-31!50!50!2000!850.0!0.0!Cu!5.0!12.0!Run3!Rep0!Sett High.spe, 850.0,850.0,50,85,XRay Tube Generator,1.06E+05,0.6,250,70,5.0,1.4,0.9,973,80,19.5,1.6,1.4,13883,141,277.7,2.8,0.4,254,76,5.1,1.5,1.2,2217,102,44.3,2.0,0.9,-9,91,-0.2,1.8,16.0,1758,221,35.2,4.4,13.2,5610,396,112.2,7.9,57.2,3082125,1656,61642.50,33.13,0.7,1444,166,28.9,3.3,0.8,4965,283,99.3,5.7
ZH19-35!0!0! 855.0!2019-09-11!04-39-03!50!50!2000!855.0!0.0!Cu!5.0!12.0!Run3!Rep0!Sett High.spe, 855.0,855.0,50,84,XRay Tube Generator,1.06E+05,0.5,34,70,0.7,1.4,1.0,730,79,14.6,1.6,2.5,13687,140,273.7,2.8,0.3,185,77,3.7,1.5,0.7,2362,102,47.2,2.0,0.8,-162,88,-3.2,1.8,12.5,2898,182,58.0,3.6,7.6,49296,1917,985.92,38.35,47.6,3075660,1653,61513.20,33.06,0.8,134,166,2.7,3.3,0.5,3936,284,78.7,5.7
ZH19-35!0!0! 860.0!2019-09-11!04-40-34!50!50!2000!860.0!0.0!Cu!5.0!12.0!Run3!Rep0!Sett High.spe, 860.0,860.0,50,84,XRay Tube Generator,1.06E+05,0.7,150,69,3.0,1.4,0.5,1047,80,20.9,1.6,1.0,13953,141,279.1,2.8,0.9,171,76,3.4,1.5,0.7,2278,102,45.6,2.0,0.4,131,88,2.6,1.8,15.0,3643,182,72.9,3.6,0.4,498,213,10.0,4.3,48.1,3078412,1655,61568.23,33.10,0.7,1249,164,25.0,3.3,0.7,4996,282,99.9,5.6
